state,state_po,county_name,county_fips,votes_dem,votes_gop,total_votes_2024,margin_2024
ALASKA,AK,DISTRICT 01,2001.0,3367.0,4861.0,8584,17.4044734389562
ALASKA,AK,DISTRICT 02,2002.0,4571.0,4534.0,9563,-0.38690787409808636
ALASKA,AK,DISTRICT 03,2003.0,6130.0,4496.0,11107,-14.71144323399658
ALASKA,AK,DISTRICT 04,2004.0,6161.0,2691.0,9270,-37.43257820927724
ALASKA,AK,DISTRICT 05,2005.0,3328.0,4351.0,8020,12.75561097256858
ALASKA,AK,DISTRICT 06,2006.0,4773.0,6705.0,12000,16.1
ALASKA,AK,DISTRICT 07,2007.0,2513.0,6777.0,9609,44.37506504318868
ALASKA,AK,DISTRICT 08,2008.0,2576.0,7950.0,10805,49.73623322535863
ALASKA,AK,DISTRICT 09,2009.0,5849.0,5581.0,11836,-2.2642784724569114
ALASKA,AK,DISTRICT 10,2010.0,4070.0,4357.0,8763,3.275134086500057
ALASKA,AK,DISTRICT 11,2011.0,4633.0,4864.0,9840,2.347560975609756
ALASKA,AK,DISTRICT 12,2012.0,4169.0,4059.0,8515,-1.291837933059307
ALASKA,AK,DISTRICT 13,2013.0,3682.0,3589.0,7577,-1.2273987066121155
ALASKA,AK,DISTRICT 14,2014.0,4346.0,2768.0,7426,-21.24966334500404
ALASKA,AK,DISTRICT 15,2015.0,4364.0,4594.0,9293,2.474981168621543
ALASKA,AK,DISTRICT 16,2016.0,5344.0,3929.0,9669,-14.634398593442963
ALASKA,AK,DISTRICT 17,2017.0,4990.0,2407.0,7718,-33.467219486913706
ALASKA,AK,DISTRICT 18,2018.0,1928.0,2686.0,4816,15.739202657807308
ALASKA,AK,DISTRICT 19,2019.0,2825.0,1971.0,5025,-16.99502487562189
ALASKA,AK,DISTRICT 20,2020.0,3924.0,3041.0,7267,-12.150818769781202
ALASKA,AK,DISTRICT 21,2021.0,4711.0,3984.0,9043,-8.039367466548713
ALASKA,AK,DISTRICT 22,2022.0,2660.0,2594.0,5463,-1.2081274025260844
ALASKA,AK,DISTRICT 23,2023.0,4116.0,6101.0,10685,18.5774450163781
ALASKA,AK,DISTRICT 24,2024.0,3234.0,6482.0,10118,32.10120577189168
ALASKA,AK,DISTRICT 25,2025.0,3172.0,6891.0,10460,35.55449330783939
ALASKA,AK,DISTRICT 26,2026.0,2013.0,7143.0,9448,54.297205757832344
ALASKA,AK,DISTRICT 27,2027.0,1807.0,6785.0,8860,56.185101580135445
ALASKA,AK,DISTRICT 28,2028.0,2213.0,6713.0,9279,48.49660523763337
ALASKA,AK,DISTRICT 29,2029.0,2708.0,7418.0,10500,44.857142857142854
ALASKA,AK,DISTRICT 30,2030.0,2701.0,7312.0,10306,44.740927614981565
ALASKA,AK,DISTRICT 31,2031.0,3240.0,3475.0,7003,3.3557046979865772
ALASKA,AK,DISTRICT 32,2032.0,1883.0,3742.0,5864,31.701909959072307
ALASKA,AK,DISTRICT 33,2033.0,2016.0,6548.0,8859,51.15701546449938
ALASKA,AK,DISTRICT 34,2034.0,3759.0,5836.0,10012,20.745105872952458
ALASKA,AK,DISTRICT 35,2035.0,4885.0,4395.0,9732,-5.034936292642827
ALASKA,AK,DISTRICT 36,2036.0,3538.0,5633.0,9598,21.82746405501146
ALASKA,AK,DISTRICT 37,2037.0,1921.0,2208.0,4350,6.597701149425288
ALASKA,AK,DISTRICT 38,2038.0,2028.0,1558.0,3994,-11.767651477215823
ALASKA,AK,DISTRICT 39,2039.0,2180.0,1690.0,4206,-11.650023775558726
ALASKA,AK,DISTRICT 40,2040.0,1362.0,1688.0,3293,9.899787427877316
ALASKA,AK,DISTRICT 99,2099.0,336.0,51.0,401,-71.07231920199501
ALABAMA,AL,AUTAUGA,1001.0,7439.0,20484.0,28281,46.1263745977865
ALABAMA,AL,BALDWIN,1003.0,24934.0,95798.0,122249,57.96693633485754
ALABAMA,AL,BARBOUR,1005.0,4158.0,5606.0,9855,14.69304921359716
ALABAMA,AL,BIBB,1007.0,1619.0,7572.0,9257,64.30809117424651
ALABAMA,AL,BLOUNT,1009.0,2576.0,25354.0,28163,80.87916770230444
ALABAMA,AL,BULLOCK,1011.0,2983.0,1101.0,4111,-45.779615665288254
ALABAMA,AL,BUTLER,1013.0,3251.0,5172.0,8480,22.653301886792455
ALABAMA,AL,CALHOUN,1015.0,13194.0,34912.0,48653,44.63856288409759
ALABAMA,AL,CHAMBERS,1017.0,5405.0,8711.0,14245,23.20814320814321
ALABAMA,AL,CHEROKEE,1019.0,1553.0,11358.0,13006,75.38828233123174
ALABAMA,AL,CHILTON,1021.0,2698.0,16920.0,19763,71.9627586904822
ALABAMA,AL,CHOCTAW,1023.0,2515.0,4103.0,6656,23.858173076923077
ALABAMA,AL,CLARKE,1025.0,4927.0,6965.0,11958,17.042983776551264
ALABAMA,AL,CLAY,1027.0,993.0,5734.0,6767,70.06058814836707
ALABAMA,AL,CLEBURNE,1029.0,605.0,6988.0,7651,83.42700300614298
ALABAMA,AL,COFFEE,1031.0,4601.0,17495.0,22319,57.77140552892155
ALABAMA,AL,COLBERT,1033.0,7137.0,19714.0,27160,46.30706921944036
ALABAMA,AL,CONECUH,1035.0,2580.0,3423.0,6051,13.931581556767478
ALABAMA,AL,COOSA,1037.0,1478.0,3758.0,5268,43.28018223234624
ALABAMA,AL,COVINGTON,1039.0,2314.0,14677.0,17095,72.31939163498099
ALABAMA,AL,CRENSHAW,1041.0,1457.0,5000.0,6486,54.62534690101758
ALABAMA,AL,CULLMAN,1043.0,4039.0,38704.0,43146,80.34348491169517
ALABAMA,AL,DALE,1045.0,4484.0,14476.0,19139,52.20753435393699
ALABAMA,AL,DALLAS,1047.0,10236.0,5190.0,15547,-32.45642246092494
ALABAMA,AL,DEKALB,1049.0,3758.0,25633.0,29660,73.75252865812543
ALABAMA,AL,ELMORE,1051.0,9774.0,31374.0,41624,51.89313857389968
ALABAMA,AL,ESCAMBIA,1053.0,3964.0,10884.0,14957,46.26596242562011
ALABAMA,AL,ETOWAH,1055.0,10027.0,35653.0,46137,55.54327329475258
ALABAMA,AL,FAYETTE,1057.0,1142.0,7158.0,8369,71.88433504600312
ALABAMA,AL,FRANKLIN,1059.0,1568.0,10417.0,12097,73.15036785979994
ALABAMA,AL,GENEVA,1061.0,1391.0,10929.0,12401,76.91315216514796
ALABAMA,AL,GREENE,1063.0,3133.0,885.0,4039,-55.65734092597177
ALABAMA,AL,HALE,1065.0,3868.0,3369.0,7305,-6.830937713894593
ALABAMA,AL,HENRY,1067.0,2263.0,6989.0,9320,50.708154506437765
ALABAMA,AL,HOUSTON,1069.0,11352.0,32469.0,44349,47.61550429547453
ALABAMA,AL,JACKSON,1071.0,3276.0,20073.0,23556,71.30667345899134
ALABAMA,AL,JEFFERSON,1073.0,162112.0,131123.0,298704,-10.37448443944507
ALABAMA,AL,LAMAR,1075.0,806.0,6033.0,6890,75.86357039187229
ALABAMA,AL,LAUDERDALE,1077.0,10326.0,32708.0,43637,51.29133533469303
ALABAMA,AL,LAWRENCE,1079.0,2983.0,13024.0,16122,62.281354670636404
ALABAMA,AL,LEE,1081.0,25798.0,46020.0,73127,27.653260765517523
ALABAMA,AL,LIMESTONE,1083.0,14581.0,37887.0,53332,43.6998424960624
ALABAMA,AL,LOWNDES,1085.0,3867.0,1758.0,5655,-37.29442970822281
ALABAMA,AL,MACON,1087.0,6084.0,1682.0,7834,-56.190962471279036
ALABAMA,AL,MADISON,1089.0,87824.0,105430.0,197617,8.909152552665004
ALABAMA,AL,MARENGO,1091.0,4631.0,4995.0,9682,3.7595538111960343
ALABAMA,AL,MARION,1093.0,1197.0,12245.0,13543,81.57719855275788
ALABAMA,AL,MARSHALL,1095.0,5553.0,34434.0,40288,71.68635822081016
ALABAMA,AL,MOBILE,1097.0,72055.0,100759.0,175164,16.386928820990615
ALABAMA,AL,MONROE,1099.0,3740.0,6007.0,9815,23.097300050942433
ALABAMA,AL,MONTGOMERY,1101.0,57946.0,30477.0,89798,-30.58976814628388
ALABAMA,AL,MORGAN,1103.0,12392.0,40449.0,53543,52.40087406383655
ALABAMA,AL,PERRY,1105.0,3174.0,1269.0,4465,-42.66517357222844
ALABAMA,AL,PICKENS,1107.0,3388.0,5465.0,8912,23.3056552962298
ALABAMA,AL,PIKE,1109.0,4899.0,8224.0,13216,25.158898305084747
ALABAMA,AL,RANDOLPH,1111.0,1920.0,9102.0,11091,64.75520692453341
ALABAMA,AL,RUSSELL,1113.0,10422.0,10078.0,20718,-1.6603919297229461
ALABAMA,AL,SHELBY,1117.0,33087.0,79666.0,114698,40.61012397775027
ALABAMA,AL,ST. CLAIR,1115.0,7640.0,35501.0,43526,64.01001700133254
ALABAMA,AL,SUMTER,1119.0,3725.0,1542.0,5307,-41.13435085735821
ALABAMA,AL,TALLADEGA,1121.0,10898.0,22100.0,33250,33.69022556390978
ALABAMA,AL,TALLAPOOSA,1123.0,4975.0,14884.0,20023,49.4880886979973
ALABAMA,AL,TUSCALOOSA,1125.0,33399.0,50724.0,85256,20.32115041756592
ALABAMA,AL,WALKER,1127.0,4102.0,25464.0,29786,71.7182568992144
ALABAMA,AL,WASHINGTON,1129.0,1863.0,6534.0,8441,55.33704537377088
ALABAMA,AL,WILCOX,1131.0,3449.0,1793.0,5263,-31.464943948318453
ALABAMA,AL,WINSTON,1133.0,884.0,10191.0,11149,83.47833886447215
ARKANSAS,AR,ARKANSAS,5001.0,3006.0,7902.0,5547,88.26392644672796
ARKANSAS,AR,ASHLEY,5003.0,3548.0,10290.0,7030,95.90327169274538
ARKANSAS,AR,BAXTER,5005.0,8682.0,32506.0,20954,113.69666889376731
ARKANSAS,AR,BENTON,5007.0,90462.0,159814.0,128595,53.93055717562891
ARKANSAS,AR,BOONE,5009.0,5708.0,27936.0,17112,129.8971482000935
ARKANSAS,AR,BRADLEY,5011.0,1922.0,4426.0,3209,78.03053910875663
ARKANSAS,AR,CALHOUN,5013.0,758.0,3348.0,2092,123.80497131931168
ARKANSAS,AR,CARROLL,5015.0,7624.0,14940.0,11538,63.40786964811925
ARKANSAS,AR,CHICOT,5017.0,3592.0,3316.0,3490,-7.908309455587393
ARKANSAS,AR,CLARK,5019.0,5918.0,9052.0,7657,40.929868094554
ARKANSAS,AR,CLAY,5021.0,1814.0,7936.0,4967,123.25347292128046
ARKANSAS,AR,CLEBURNE,5023.0,3882.0,21190.0,12739,135.8662375382683
ARKANSAS,AR,CLEVELAND,5025.0,1048.0,5608.0,3374,135.15115589804387
ARKANSAS,AR,COLUMBIA,5027.0,4932.0,10734.0,7940,73.07304785894206
ARKANSAS,AR,CONWAY,5029.0,4898.0,11786.0,8541,80.64629434492448
ARKANSAS,AR,CRAIGHEAD,5031.0,22420.0,50304.0,37242,74.87245582943987
ARKANSAS,AR,CRAWFORD,5033.0,9506.0,37230.0,23834,116.32122178400604
ARKANSAS,AR,CRITTENDEN,5035.0,14724.0,14056.0,14681,-4.5500987671139566
ARKANSAS,AR,CROSS,5037.0,3284.0,9506.0,6534,95.22497704315886
ARKANSAS,AR,DALLAS,5039.0,1596.0,2964.0,2324,58.86402753872634
ARKANSAS,AR,DESHA,5041.0,3276.0,3610.0,3505,9.529243937232525
ARKANSAS,AR,DREW,5043.0,4100.0,8406.0,6365,67.65121759622939
ARKANSAS,AR,FAULKNER,5045.0,35504.0,70714.0,54465,64.6470210226751
ARKANSAS,AR,FRANKLIN,5047.0,2464.0,11164.0,6971,124.8027542676804
ARKANSAS,AR,FULTON,5049.0,1812.0,8080.0,5043,124.29109656950229
ARKANSAS,AR,GARLAND,5051.0,26030.0,56718.0,42327,72.50218536631465
ARKANSAS,AR,GRANT,5053.0,2384.0,13510.0,8078,137.73211190888836
ARKANSAS,AR,GREENE,5055.0,5870.0,25234.0,15820,122.40202275600505
ARKANSAS,AR,HEMPSTEAD,5057.0,3552.0,8386.0,6089,79.38906224338972
ARKANSAS,AR,HOT SPRING,5059.0,5636.0,18452.0,12283,104.33933078238215
ARKANSAS,AR,HOWARD,5061.0,2316.0,6492.0,4473,93.36016096579478
ARKANSAS,AR,INDEPENDENCE,5063.0,5378.0,22046.0,14011,118.96367140104205
ARKANSAS,AR,IZARD,5065.0,1898.0,9708.0,5925,131.8143459915612
ARKANSAS,AR,JACKSON,5067.0,2366.0,7018.0,4775,97.42408376963351
ARKANSAS,AR,JEFFERSON,5069.0,25604.0,16936.0,21608,-40.11477230655313
ARKANSAS,AR,JOHNSON,5071.0,4214.0,13532.0,9059,102.85903521359974
ARKANSAS,AR,LAFAYETTE,5073.0,1396.0,3178.0,2325,76.64516129032258
ARKANSAS,AR,LAWRENCE,5075.0,1930.0,9216.0,5692,128.0042164441321
ARKANSAS,AR,LEE,5077.0,2540.0,2362.0,2520,-7.063492063492063
ARKANSAS,AR,LINCOLN,5079.0,1626.0,5004.0,3372,100.1779359430605
ARKANSAS,AR,LITTLE RIVER,5081.0,2168.0,7488.0,4899,108.59359052867931
ARKANSAS,AR,LOGAN,5083.0,2928.0,13134.0,8205,124.38756855575868
ARKANSAS,AR,LONOKE,5085.0,13580.0,46450.0,30620,107.34813847158719
ARKANSAS,AR,MADISON,5087.0,2982.0,11770.0,7501,117.15771230502601
ARKANSAS,AR,MARION,5089.0,3002.0,12460.0,7851,120.46873009807668
ARKANSAS,AR,MILLER,5091.0,7538.0,23684.0,15803,102.17047396064038
ARKANSAS,AR,MISSISSIPPI,5093.0,7148.0,13926.0,10717,63.24531118783242
ARKANSAS,AR,MONROE,5095.0,2004.0,2770.0,2433,31.483764899301274
ARKANSAS,AR,MONTGOMERY,5097.0,1290.0,5974.0,3707,126.35554356622607
ARKANSAS,AR,NEVADA,5099.0,1698.0,4004.0,2907,79.32576539387685
ARKANSAS,AR,NEWTON,5101.0,1288.0,6126.0,3770,128.3289124668435
ARKANSAS,AR,OUACHITA,5103.0,6824.0,10112.0,8626,38.117319731045676
ARKANSAS,AR,PERRY,5105.0,1846.0,7118.0,4584,115.0087260034904
ARKANSAS,AR,PHILLIPS,5107.0,5508.0,4196.0,4938,-26.56946132037262
ARKANSAS,AR,PIKE,5109.0,1120.0,7492.0,4358,146.21385956860945
ARKANSAS,AR,POINSETT,5111.0,2470.0,11462.0,7079,127.02359090266985
ARKANSAS,AR,POLK,5113.0,2290.0,13974.0,8288,140.97490347490347
ARKANSAS,AR,POPE,5115.0,10974.0,36236.0,24191,104.42726633872101
ARKANSAS,AR,PRAIRIE,5117.0,1048.0,5256.0,3200,131.5
ARKANSAS,AR,PULASKI,5119.0,184076.0,115954.0,153924,-44.256906005561184
ARKANSAS,AR,RANDOLPH,5121.0,2276.0,10734.0,6636,127.45629897528632
ARKANSAS,AR,SALINE,5125.0,33218.0,79472.0,57609,80.2895380930063
ARKANSAS,AR,SCOTT,5127.0,850.0,5826.0,3384,147.0449172576832
ARKANSAS,AR,SEARCY,5129.0,1022.0,6610.0,3869,144.43008529335745
ARKANSAS,AR,SEBASTIAN,5131.0,27304.0,61438.0,45452,75.09900554431049
ARKANSAS,AR,SEVIER,5133.0,1724.0,7544.0,4714,123.46202800169708
ARKANSAS,AR,SHARP,5135.0,2632.0,11956.0,7437,125.37313432835822
ARKANSAS,AR,ST FRANCIS,5123.0,5906.0,5818.0,5979,-1.4718180297708647
ARKANSAS,AR,STONE,5137.0,2178.0,9616.0,6030,123.34991708126037
ARKANSAS,AR,UNION,5139.0,10038.0,20392.0,15448,67.02485758674263
ARKANSAS,AR,VAN BUREN,5141.0,2874.0,12046.0,7621,120.35165988715393
ARKANSAS,AR,WASHINGTON,5143.0,87558.0,100486.0,97158,13.306161098417011
ARKANSAS,AR,WHITE,5145.0,11282.0,49028.0,30837,122.40490320070046
ARKANSAS,AR,WOODRUFF,5147.0,1520.0,3026.0,2318,64.969801553063
ARKANSAS,AR,YELL,5149.0,2426.0,10294.0,6477,121.47599197159178
ARIZONA,AZ,APACHE,4001.0,37744.0,25590.0,32685,-37.185253174238944
ARIZONA,AZ,COCHISE,4003.0,44592.0,71872.0,59501,45.84796894169846
ARIZONA,AZ,COCONINO,4005.0,42646.0,27978.0,70993,-20.661191948501965
ARIZONA,AZ,GILA,4007.0,17008.0,37802.0,27979,74.32002573358591
ARIZONA,AZ,GRAHAM,4009.0,7557.0,21697.0,15327,92.25549683564951
ARIZONA,AZ,GREENLEE,4011.0,1908.0,4616.0,3341,81.05357677342113
ARIZONA,AZ,LA PAZ,4012.0,4202.0,10940.0,7700,87.50649350649351
ARIZONA,AZ,MARICOPA,4013.0,980016.0,1051531.0,2061574,3.4689513934498595
ARIZONA,AZ,MOHAVE,4015.0,48162.0,171366.0,111355,110.64074356786853
ARIZONA,AZ,NAVAJO,4017.0,41508.0,58960.0,51386,33.96255789514654
ARIZONA,AZ,PIMA,4019.0,584900.0,429338.0,520317,-29.89754322845496
ARIZONA,AZ,PINAL,4021.0,161312.0,253852.0,211595,43.73449278102034
ARIZONA,AZ,SANTA CRUZ,4023.0,22530.0,15398.0,19428,-36.70990323244801
ARIZONA,AZ,YAVAPAI,4025.0,97434.0,198692.0,150862,67.11961925468309
ARIZONA,AZ,YUMA,4027.0,53646.0,81490.0,68910,40.40632709331011
CALIFORNIA,CA,ALAMEDA,6001.0,499551.0,140789.0,669907,-53.55400077921264
CALIFORNIA,CA,ALPINE,6003.0,479.0,243.0,738,-31.978319783197833
CALIFORNIA,CA,AMADOR,6005.0,7783.0,14018.0,22403,27.83109404990403
CALIFORNIA,CA,BUTTE,6007.0,44228.0,47179.0,94556,3.120901899403528
CALIFORNIA,CA,CALAVERAS,6009.0,9181.0,16625.0,26480,28.11178247734139
CALIFORNIA,CA,COLUSA,6011.0,2431.0,4414.0,7021,28.24383990884489
CALIFORNIA,CA,CONTRA COSTA,6013.0,356008.0,155308.0,528904,-37.94639480888781
CALIFORNIA,CA,DEL NORTE,6015.0,4266.0,5999.0,10564,16.40477092010602
CALIFORNIA,CA,EL DORADO,6017.0,47703.0,61109.0,111890,11.981410313700955
CALIFORNIA,CA,FRESNO,6019.0,151628.0,165924.0,325994,4.385356785707713
CALIFORNIA,CA,GLENN,6021.0,3260.0,6904.0,10442,34.8975292089638
CALIFORNIA,CA,HUMBOLDT,6023.0,39800.0,21559.0,64228,-28.400386124431716
CALIFORNIA,CA,IMPERIAL,6025.0,26083.0,26546.0,54025,0.8570106432207311
CALIFORNIA,CA,INYO,6027.0,4201.0,4468.0,8951,2.9829069377723156
CALIFORNIA,CA,KERN,6029.0,108241.0,167879.0,283246,21.05519583683441
CALIFORNIA,CA,KINGS,6031.0,15519.0,25074.0,41501,23.023541601407192
CALIFORNIA,CA,LAKE,6033.0,12794.0,13161.0,26759,1.3715011771740349
CALIFORNIA,CA,LASSEN,6035.0,2478.0,8619.0,11371,54.00580423885323
CALIFORNIA,CA,LOS ANGELES,6037.0,2417109.0,1189862.0,3728427,-32.91594551804287
CALIFORNIA,CA,MADERA,6039.0,20981.0,32344.0,54624,20.802211482132396
CALIFORNIA,CA,MARIN,6041.0,116152.0,24054.0,144113,-63.906795361972904
CALIFORNIA,CA,MARIPOSA,6043.0,3622.0,5625.0,9509,21.064254916394994
CALIFORNIA,CA,MENDOCINO,6045.0,24049.0,13528.0,39216,-26.828335373317014
CALIFORNIA,CA,MERCED,6047.0,40190.0,43955.0,86392,4.358042411334383
CALIFORNIA,CA,MODOC,6049.0,1008.0,2884.0,4016,46.713147410358566
CALIFORNIA,CA,MONO,6051.0,3522.0,2294.0,6064,-20.25065963060686
CALIFORNIA,CA,MONTEREY,6053.0,93060.0,49226.0,146718,-29.876361455308825
CALIFORNIA,CA,NAPA,6055.0,43212.0,20357.0,65549,-34.86704602663656
CALIFORNIA,CA,NEVADA,6057.0,33784.0,26177.0,62132,-12.243288482585463
CALIFORNIA,CA,ORANGE,6059.0,691731.0,654815.0,1390965,-2.653984823485853
CALIFORNIA,CA,PLACER,6061.0,103958.0,123941.0,234809,8.51032115464058
CALIFORNIA,CA,PLUMAS,6063.0,4020.0,5725.0,10067,16.936525280619847
CALIFORNIA,CA,RIVERSIDE,6065.0,451782.0,463677.0,940405,1.2648805567813868
CALIFORNIA,CA,SACRAMENTO,6067.0,381564.0,252140.0,656626,-19.710459226408943
CALIFORNIA,CA,SAN BENITO,6069.0,15179.0,11702.0,27649,-12.575500018083838
CALIFORNIA,CA,SAN BERNARDINO,6071.0,362114.0,378416.0,761714,2.1401733459014802
CALIFORNIA,CA,SAN DIEGO,6073.0,841372.0,593270.0,1477786,-16.788763731690516
CALIFORNIA,CA,SAN FRANCISCO,6075.0,323719.0,62594.0,402964,-64.80107404135357
CALIFORNIA,CA,SAN JOAQUIN,6077.0,126647.0,128996.0,263671,0.8908829564115885
CALIFORNIA,CA,SAN LUIS OBISPO,6079.0,81314.0,64932.0,150766,-10.865845084435483
CALIFORNIA,CA,SAN MATEO,6081.0,242957.0,76616.0,330510,-50.32858309884723
CALIFORNIA,CA,SANTA BARBARA,6083.0,114149.0,64870.0,184715,-26.67839644858295
CALIFORNIA,CA,SANTA CLARA,6085.0,510744.0,210924.0,750433,-39.95293383952998
CALIFORNIA,CA,SANTA CRUZ,6087.0,100998.0,27978.0,134135,-54.43769336862117
CALIFORNIA,CA,SHASTA,6089.0,27130.0,59539.0,88900,36.455568053993254
CALIFORNIA,CA,SIERRA,6091.0,641.0,1066.0,1754,24.230330672748003
CALIFORNIA,CA,SISKIYOU,6093.0,8329.0,12461.0,21489,19.228442458932477
CALIFORNIA,CA,SOLANO,6095.0,113997.0,70345.0,189834,-22.99482705943087
CALIFORNIA,CA,SONOMA,6097.0,179600.0,63426.0,251426,-46.206040743598514
CALIFORNIA,CA,STANISLAUS,6099.0,85347.0,106986.0,197472,10.958009236752552
CALIFORNIA,CA,SUTTER,6101.0,13016.0,25372.0,39336,31.411429733577386
CALIFORNIA,CA,TEHAMA,6103.0,7415.0,18503.0,26532,41.7910447761194
CALIFORNIA,CA,TRINITY,6105.0,2449.0,2979.0,5645,9.388839681133748
CALIFORNIA,CA,TULARE,6107.0,53221.0,81854.0,138271,20.707885239855067
CALIFORNIA,CA,TUOLUMNE,6109.0,10909.0,17210.0,28810,21.87087816730302
CALIFORNIA,CA,VENTURA,6111.0,217424.0,158901.0,387595,-15.099007985139126
CALIFORNIA,CA,YOLO,6113.0,61405.0,27844.0,92589,-36.24728639471211
CALIFORNIA,CA,YUBA,6115.0,10725.0,18491.0,30070,25.826405054871966
COLORADO,CO,ADAMS,8001.0,124056.0,103024.0,233336,-9.013611273014023
COLORADO,CO,ALAMOSA,8003.0,3244.0,4057.0,7519,10.812608059582391
COLORADO,CO,ARAPAHOE,8005.0,190725.0,125311.0,325451,-20.099492703970796
COLORADO,CO,ARCHULETA,8007.0,3904.0,5218.0,9355,14.045964724746124
COLORADO,CO,BACA,8009.0,275.0,1686.0,2004,70.40918163672654
COLORADO,CO,BENT,8011.0,645.0,1496.0,2189,38.87619917770672
COLORADO,CO,BOULDER,8013.0,150149.0,40758.0,196150,-55.769054295182265
COLORADO,CO,BROOMFIELD,8014.0,29426.0,16071.0,46817,-28.525962791293765
COLORADO,CO,CHAFFEE,8015.0,7992.0,6034.0,14416,-13.582130965593784
COLORADO,CO,CHEYENNE,8017.0,108.0,930.0,1055,77.91469194312796
COLORADO,CO,CLEAR CREEK,8019.0,3464.0,2452.0,6101,-16.587444681199802
COLORADO,CO,CONEJOS,8021.0,1627.0,2358.0,4104,17.81189083820663
COLORADO,CO,COSTILLA,8023.0,1155.0,850.0,2080,-14.663461538461538
COLORADO,CO,CROWLEY,8025.0,422.0,1231.0,1706,47.42086752637749
COLORADO,CO,CUSTER,8027.0,1188.0,2583.0,3867,36.074476338246704
COLORADO,CO,DELTA,8029.0,6030.0,12948.0,19476,35.52064078866297
COLORADO,CO,DENVER,8031.0,278634.0,74765.0,363076,-56.15050292500744
COLORADO,CO,DOLORES,8033.0,325.0,1076.0,1419,52.924594785059895
COLORADO,CO,DOUGLAS,8035.0,110408.0,127451.0,243758,6.991770526505797
COLORADO,CO,EAGLE,8037.0,16943.0,10148.0,27798,-24.44420461903734
COLORADO,CO,EL PASO,8041.0,166597.0,203933.0,380813,9.80428714355865
COLORADO,CO,ELBERT,8039.0,4768.0,15209.0,20417,51.138756918254394
COLORADO,CO,FREMONT,8043.0,7526.0,17313.0,25467,38.43012526014057
COLORADO,CO,GARFIELD,8045.0,15128.0,14493.0,30372,-2.090741472408798
COLORADO,CO,GILPIN,8047.0,2254.0,1729.0,4129,-12.714943085492855
COLORADO,CO,GRAND,8049.0,4743.0,4822.0,9883,0.7993524233532329
COLORADO,CO,GUNNISON,8051.0,6887.0,3689.0,10939,-29.23484779230277
COLORADO,CO,HINSDALE,8053.0,257.0,332.0,606,12.376237623762377
COLORADO,CO,HUERFANO,8055.0,1965.0,2346.0,4438,8.584948174853539
COLORADO,CO,JACKSON,8057.0,173.0,634.0,834,55.275779376498804
COLORADO,CO,JEFFERSON,8059.0,210875.0,140505.0,361504,-19.465898026024608
COLORADO,CO,KIOWA,8061.0,102.0,744.0,863,74.39165701042873
COLORADO,CO,KIT CARSON,8063.0,556.0,3083.0,3698,68.33423472147106
COLORADO,CO,LA PLATA,8067.0,20677.0,14024.0,35681,-18.645777864970153
COLORADO,CO,LAKE,8065.0,2199.0,1557.0,3911,-16.41523906929174
COLORADO,CO,LARIMER,8069.0,129376.0,89680.0,225482,-17.604952945246183
COLORADO,CO,LAS ANIMAS,8071.0,3276.0,4328.0,7792,13.501026694045173
COLORADO,CO,LINCOLN,8073.0,432.0,2090.0,2571,64.48852586542202
COLORADO,CO,LOGAN,8075.0,2098.0,7855.0,10162,56.65223381224168
COLORADO,CO,MESA,8077.0,33573.0,55839.0,91600,24.307860262008735
COLORADO,CO,MINERAL,8079.0,317.0,417.0,753,13.280212483399733
COLORADO,CO,MOFFAT,8081.0,1167.0,5358.0,6671,62.824164293209414
COLORADO,CO,MONTEZUMA,8083.0,5793.0,8972.0,15136,21.00290697674419
COLORADO,CO,MONTROSE,8085.0,8354.0,16704.0,25617,32.595542022875435
COLORADO,CO,MORGAN,8087.0,3291.0,9830.0,13458,48.58820032694308
COLORADO,CO,OTERO,8089.0,3164.0,5520.0,8925,26.397759103641455
COLORADO,CO,OURAY,8091.0,2442.0,1573.0,4098,-21.20546608101513
COLORADO,CO,PARK,8093.0,4841.0,6828.0,12044,16.497841248754565
COLORADO,CO,PHILLIPS,8095.0,412.0,1888.0,2354,62.7017841971113
COLORADO,CO,PITKIN,8097.0,7932.0,2992.0,11167,-44.23748544819557
COLORADO,CO,PROWERS,8099.0,1227.0,3833.0,5144,50.66096423017107
COLORADO,CO,PUEBLO,8101.0,39328.0,43688.0,85107,5.1229628585192755
COLORADO,CO,RIO BLANCO,8103.0,637.0,2988.0,3690,63.71273712737128
COLORADO,CO,RIO GRANDE,8105.0,2306.0,3743.0,6194,23.19987084275105
COLORADO,CO,ROUTT,8107.0,10208.0,5676.0,16335,-27.744107744107744
COLORADO,CO,SAGUACHE,8109.0,1704.0,1577.0,3400,-3.735294117647059
COLORADO,CO,SAN JUAN,8111.0,376.0,188.0,588,-31.97278911564626
COLORADO,CO,SAN MIGUEL,8113.0,3529.0,1154.0,4804,-49.43796835970025
COLORADO,CO,SEDGWICK,8115.0,283.0,1048.0,1358,56.33284241531664
COLORADO,CO,SUMMIT,8117.0,11762.0,5244.0,17542,-37.156538593090865
COLORADO,CO,TELLER,8119.0,5065.0,10856.0,16326,35.47102780840377
COLORADO,CO,WASHINGTON,8121.0,329.0,2436.0,2806,75.08909479686386
COLORADO,CO,WELD,8123.0,68752.0,106469.0,179854,20.970898617767745
COLORADO,CO,YUMA,8125.0,758.0,3807.0,4663,65.38708985631567
CONNECTICUT,CT,FAIRFIELD,9001.0,267019.0,178263.0,452303,-19.623128743342406
CONNECTICUT,CT,HARTFORD,9003.0,259366.0,162572.0,429325,-22.54562394456414
CONNECTICUT,CT,LITCHFIELD,9005.0,47940.0,56452.0,105969,8.032537817663657
CONNECTICUT,CT,MIDDLESEX,9007.0,54173.0,41654.0,97519,-12.837498333658056
CONNECTICUT,CT,NEW HAVEN,9009.0,218981.0,171435.0,397987,-11.946621372054867
CONNECTICUT,CT,NEW LONDON,9011.0,76190.0,58858.0,137500,-12.60509090909091
CONNECTICUT,CT,TOLLAND,9013.0,43311.0,36773.0,81520,-8.020117762512267
CONNECTICUT,CT,WINDHAM,9015.0,25073.0,30911.0,56887,10.262450120414154
DISTRICT OF COLUMBIA,DC,DISTRICT OF COLUMBIA,11001.0,294185.0,21076.0,325879,-83.80687310320701
DELAWARE,DE,KENT,10001.0,44222.0,42458.0,88141,-2.0013387640258222
DELAWARE,DE,NEW CASTLE,10003.0,180700.0,90868.0,275917,-32.55761696452194
DELAWARE,DE,SUSSEX,10005.0,64836.0,81025.0,147639,10.965259856812901
FLORIDA,FL,ALACHUA,12001.0,81578.0,52939.0,136548,-20.973577057152063
FLORIDA,FL,BAKER,12003.0,1982.0,12926.0,14977,73.07204380049409
FLORIDA,FL,BAY,12005.0,25201.0,71497.0,97777,47.348558454442255
FLORIDA,FL,BRADFORD,12007.0,2946.0,10920.0,13932,57.235142118863045
FLORIDA,FL,BREVARD,12009.0,141233.0,216533.0,361449,20.832814587950168
FLORIDA,FL,BROWARD,12011.0,507328.0,358952.0,874539,-16.966195904356464
FLORIDA,FL,CALHOUN,12013.0,1021.0,5367.0,6428,67.61045426260111
FLORIDA,FL,CHARLOTTE,12015.0,40450.0,82480.0,123676,33.98395808402601
FLORIDA,FL,CITRUS,12017.0,26276.0,71356.0,98237,45.88902348402333
FLORIDA,FL,CLAY,12019.0,37926.0,87711.0,126811,39.25921252888156
FLORIDA,FL,COLLIER,12021.0,71720.0,143267.0,216370,33.066968618570044
FLORIDA,FL,COLUMBIA,12023.0,8250.0,25108.0,33592,50.184567754227196
FLORIDA,FL,DESOTO,12027.0,3525.0,8888.0,12488,42.94522741832159
FLORIDA,FL,DIXIE,12029.0,1183.0,6920.0,8148,70.40991654393717
FLORIDA,FL,DUVAL,12031.0,229365.0,236285.0,471282,1.4683353066741356
FLORIDA,FL,ESCAMBIA,12033.0,64601.0,96407.0,162755,19.542256766305183
FLORIDA,FL,FLAGLER,12035.0,28431.0,51014.0,79968,28.240046018407362
FLORIDA,FL,FRANKLIN,12037.0,1870.0,4831.0,6758,43.814738088191774
FLORIDA,FL,GADSDEN,12039.0,14203.0,7495.0,21868,-30.674958843972927
FLORIDA,FL,GILCHRIST,12041.0,1662.0,8931.0,10686,68.02358225715889
FLORIDA,FL,GLADES,12043.0,1222.0,4034.0,5279,53.267664330365605
FLORIDA,FL,GULF,12045.0,1970.0,6684.0,8697,54.20259859721743
FLORIDA,FL,HAMILTON,12047.0,1727.0,3964.0,5733,39.01971044828188
FLORIDA,FL,HARDEE,12049.0,1751.0,6336.0,8143,56.30602971877686
FLORIDA,FL,HENDRY,12051.0,4096.0,9253.0,13460,38.31352154531947
FLORIDA,FL,HERNANDO,12053.0,34431.0,75446.0,110691,37.053599660315655
FLORIDA,FL,HIGHLANDS,12055.0,15227.0,36382.0,51905,40.75715249012619
FLORIDA,FL,HILLSBOROUGH,12057.0,321455.0,342017.0,671993,3.059853302043325
FLORIDA,FL,HOLMES,12059.0,882.0,8193.0,9116,80.19964896884598
FLORIDA,FL,INDIAN RIVER,12061.0,35654.0,62737.0,99017,27.35186887100195
FLORIDA,FL,JACKSON,12063.0,5892.0,16074.0,22098,46.07656801520499
FLORIDA,FL,JEFFERSON,12065.0,3429.0,5011.0,8502,18.607386497294755
FLORIDA,FL,LAFAYETTE,12067.0,441.0,3296.0,3756,76.01171458998935
FLORIDA,FL,LAKE,12069.0,84546.0,140500.0,226788,24.67238125474011
FLORIDA,FL,LEE,12071.0,139240.0,250661.0,392532,28.385201716038438
FLORIDA,FL,LEON,12073.0,94520.0,60397.0,156802,-21.761839772451882
FLORIDA,FL,LEVY,12075.0,5994.0,18245.0,24378,50.25432767249159
FLORIDA,FL,LIBERTY,12077.0,566.0,2898.0,3490,66.81948424068767
FLORIDA,FL,MADISON,12079.0,3231.0,5874.0,9156,28.86631716906946
FLORIDA,FL,MANATEE,12081.0,86674.0,140486.0,228860,23.513064755745873
FLORIDA,FL,MARION,12083.0,72436.0,140173.0,214106,31.63713300888345
FLORIDA,FL,MARTIN,12085.0,33539.0,64121.0,98291,31.113733709088322
FLORIDA,FL,MIAMI-DADE,12086.0,480355.0,605590.0,1094105,11.446341987286413
FLORIDA,FL,MONROE,12087.0,17933.0,26064.0,44328,18.342808157372314
FLORIDA,FL,NASSAU,12089.0,17143.0,47945.0,65625,46.93638095238095
FLORIDA,FL,OKALOOSA,12091.0,32074.0,80309.0,113636,42.446935830194654
FLORIDA,FL,OKEECHOBEE,12093.0,3671.0,12315.0,16058,53.82986673309254
FLORIDA,FL,ORANGE,12095.0,340807.0,258279.0,607199,-13.591590236479309
FLORIDA,FL,OSCEOLA,12097.0,84205.0,86713.0,172780,1.4515568931589304
FLORIDA,FL,PALM BEACH,12099.0,372512.0,366836.0,745709,-0.7611548204460453
FLORIDA,FL,PASCO,12101.0,117450.0,197779.0,318471,25.2233327367327
FLORIDA,FL,PINELLAS,12103.0,242452.0,269472.0,517074,5.2255576571245115
FLORIDA,FL,POLK,12105.0,136879.0,209044.0,348931,20.681739369674805
FLORIDA,FL,PUTNAM,12107.0,9354.0,26700.0,36272,47.82201146890163
FLORIDA,FL,SANTA ROSA,12113.0,27035.0,84314.0,112425,50.94863242161441
FLORIDA,FL,SARASOTA,12115.0,112668.0,163219.0,277866,18.192582035945385
FLORIDA,FL,SEMINOLE,12117.0,120717.0,129735.0,253727,3.554213780953545
FLORIDA,FL,ST. JOHNS,12109.0,66862.0,128759.0,197457,31.34707809801628
FLORIDA,FL,ST. LUCIE,12111.0,83517.0,100293.0,185131,9.061691450918538
FLORIDA,FL,SUMTER,12119.0,32551.0,72134.0,105218,37.61998897527039
FLORIDA,FL,SUWANNEE,12121.0,4217.0,17561.0,21891,60.95655748937919
FLORIDA,FL,TAYLOR,12123.0,1991.0,7954.0,9997,59.647894368310496
FLORIDA,FL,UNION,12125.0,971.0,5224.0,6231,68.2554967099984
FLORIDA,FL,VOLUSIA,12127.0,120132.0,187691.0,310498,21.758272194989985
FLORIDA,FL,WAKULLA,12129.0,5441.0,14246.0,19856,44.34427880741338
FLORIDA,FL,WALTON,12131.0,10287.0,38970.0,49601,57.82746315598476
FLORIDA,FL,WASHINGTON,12133.0,2140.0,10370.0,12584,65.40050858232676
GEORGIA,GA,APPLING,13001.0,1560.0,6761.0,8334,62.40700743940485
GEORGIA,GA,ATKINSON,13003.0,700.0,2350.0,3057,53.974484789008834
GEORGIA,GA,BACON,13005.0,645.0,4186.0,4839,73.17627609010125
GEORGIA,GA,BAKER,13007.0,590.0,883.0,1476,19.850948509485093
GEORGIA,GA,BALDWIN,13009.0,9159.0,9574.0,18825,2.2045152722443557
GEORGIA,GA,BANKS,13011.0,1136.0,9358.0,10519,78.16332350983933
GEORGIA,GA,BARROW,13013.0,12949.0,30730.0,43934,40.472071743979605
GEORGIA,GA,BARTOW,13015.0,13942.0,43271.0,57547,50.96529793038733
GEORGIA,GA,BEN HILL,13017.0,2199.0,4281.0,6501,32.02584217812644
GEORGIA,GA,BERRIEN,13019.0,1209.0,6841.0,8068,69.80664352999504
GEORGIA,GA,BIBB,13021.0,42172.0,26658.0,69181,-22.425232361486536
GEORGIA,GA,BLECKLEY,13023.0,1339.0,4685.0,6044,55.36068828590337
GEORGIA,GA,BRANTLEY,13025.0,736.0,7744.0,8500,82.4470588235294
GEORGIA,GA,BROOKS,13027.0,2629.0,4560.0,7210,26.78224687933426
GEORGIA,GA,BRYAN,13029.0,7779.0,16738.0,24651,36.343353210823096
GEORGIA,GA,BULLOCH,13031.0,11514.0,20985.0,32657,29.001439201396334
GEORGIA,GA,BURKE,13033.0,4994.0,6027.0,11070,9.33152664859982
GEORGIA,GA,BUTTS,13035.0,3544.0,9424.0,13019,45.16475919809509
GEORGIA,GA,CALHOUN,13037.0,1153.0,900.0,2056,-12.305447470817121
GEORGIA,GA,CAMDEN,13039.0,8405.0,17819.0,26393,35.668548478763306
GEORGIA,GA,CANDLER,13043.0,1196.0,3366.0,4568,47.50437828371278
GEORGIA,GA,CARROLL,13045.0,17634.0,42536.0,60494,41.164412999636326
GEORGIA,GA,CATOOSA,13047.0,7704.0,27150.0,35038,55.49974313602375
GEORGIA,GA,CHARLTON,13049.0,1007.0,3607.0,4628,56.17977528089888
GEORGIA,GA,CHATHAM,13051.0,82758.0,57336.0,141109,-18.015860079796468
GEORGIA,GA,CHATTAHOOCHEE,13053.0,703.0,982.0,1694,16.469893742621014
GEORGIA,GA,CHATTOOGA,13055.0,1896.0,8769.0,10706,64.19764617971231
GEORGIA,GA,CHEROKEE,13057.0,48838.0,112142.0,162281,39.008879659356296
GEORGIA,GA,CLARKE,13059.0,36297.0,16049.0,52887,-38.285400949193566
GEORGIA,GA,CLAY,13061.0,771.0,663.0,1442,-7.489597780859916
GEORGIA,GA,CLAYTON,13063.0,94203.0,16877.0,111729,-69.20853135712304
GEORGIA,GA,CLINCH,13065.0,702.0,2201.0,2908,51.5474552957359
GEORGIA,GA,COBB,13067.0,228404.0,168679.0,401369,-14.880322097620894
GEORGIA,GA,COFFEE,13069.0,4295.0,11388.0,15715,45.135221126312445
GEORGIA,GA,COLQUITT,13071.0,4114.0,12451.0,16611,50.18963337547409
GEORGIA,GA,COLUMBIA,13073.0,31624.0,53657.0,85920,25.643621973929235
GEORGIA,GA,COOK,13075.0,1956.0,5374.0,7357,46.45915454669023
GEORGIA,GA,COWETA,13077.0,28111.0,57204.0,85916,33.86214442013129
GEORGIA,GA,CRAWFORD,13079.0,1582.0,4742.0,6340,49.8422712933754
GEORGIA,GA,CRISP,13081.0,2993.0,5099.0,8116,25.948743223262692
GEORGIA,GA,DADE,13083.0,1343.0,6804.0,8200,66.59756097560975
GEORGIA,GA,DAWSON,13085.0,3350.0,16115.0,19561,65.25739992842901
GEORGIA,GA,DECATUR,13087.0,4372.0,7140.0,11549,23.967443068663954
GEORGIA,GA,DEKALB,13089.0,299630.0,62622.0,366008,-64.75486874603834
GEORGIA,GA,DODGE,13091.0,2081.0,6249.0,8350,49.91616766467066
GEORGIA,GA,DOOLY,13093.0,1921.0,2243.0,4177,7.708881972707685
GEORGIA,GA,DOUGHERTY,13095.0,23831.0,9904.0,33850,-41.143279172821266
GEORGIA,GA,DOUGLAS,13097.0,46240.0,23996.0,70721,-31.453175153066276
GEORGIA,GA,EARLY,13099.0,2158.0,2718.0,4879,11.477761836441895
GEORGIA,GA,ECHOLS,13101.0,127.0,1307.0,1438,82.05841446453408
GEORGIA,GA,EFFINGHAM,13103.0,9144.0,26943.0,36244,49.108818011257036
GEORGIA,GA,ELBERT,13105.0,2700.0,6860.0,9589,43.383043070184584
GEORGIA,GA,EMANUEL,13107.0,2673.0,6919.0,9619,44.141802682191496
GEORGIA,GA,EVANS,13109.0,1214.0,3011.0,4244,42.342130065975496
GEORGIA,GA,FANNIN,13111.0,2807.0,13232.0,16096,64.76764413518886
GEORGIA,GA,FAYETTE,13113.0,35822.0,38177.0,74633,3.155440622780807
GEORGIA,GA,FLOYD,13115.0,12862.0,31631.0,44738,41.95314944789664
GEORGIA,GA,FORSYTH,13117.0,45509.0,91281.0,138249,33.10837691411873
GEORGIA,GA,FRANKLIN,13119.0,1647.0,10459.0,12140,72.58649093904448
GEORGIA,GA,FULTON,13121.0,384752.0,144655.0,535238,-44.857988408894734
GEORGIA,GA,GILMER,13123.0,3413.0,14976.0,18481,62.56696066230182
GEORGIA,GA,GLASCOCK,13125.0,133.0,1534.0,1670,83.89221556886227
GEORGIA,GA,GLYNN,13127.0,16144.0,27558.0,43912,25.99289488067043
GEORGIA,GA,GORDON,13129.0,4982.0,22495.0,27606,63.439107440411505
GEORGIA,GA,GRADY,13131.0,3290.0,7385.0,10718,38.20675499160291
GEORGIA,GA,GREENE,13133.0,4514.0,8215.0,12786,28.945721883309872
GEORGIA,GA,GWINNETT,13135.0,242507.0,173041.0,420681,-16.512749565585324
GEORGIA,GA,HABERSHAM,13137.0,4036.0,19142.0,23280,64.88831615120276
GEORGIA,GA,HALL,13139.0,28347.0,72991.0,101973,43.7802163317741
GEORGIA,GA,HANCOCK,13141.0,2864.0,1364.0,4240,-35.37735849056604
GEORGIA,GA,HARALSON,13143.0,2065.0,14239.0,16364,74.39501344414569
GEORGIA,GA,HARRIS,13145.0,5976.0,16283.0,22353,46.11014181541628
GEORGIA,GA,HART,13147.0,3210.0,11064.0,14331,54.804270462633454
GEORGIA,GA,HEARD,13149.0,859.0,5335.0,6210,72.07729468599034
GEORGIA,GA,HENRY,13151.0,83253.0,44982.0,129034,-29.659624595067967
GEORGIA,GA,HOUSTON,13153.0,35907.0,45090.0,81514,11.265549476163605
GEORGIA,GA,IRWIN,13155.0,986.0,3340.0,4342,54.21464762782128
GEORGIA,GA,JACKSON,13157.0,10472.0,36497.0,47243,55.08752619435684
GEORGIA,GA,JASPER,13159.0,1881.0,7203.0,9118,58.36806317174818
GEORGIA,GA,JEFF DAVIS,13161.0,924.0,4935.0,5872,68.30722070844686
GEORGIA,GA,JEFFERSON,13163.0,3674.0,3765.0,7463,1.2193487873509312
GEORGIA,GA,JENKINS,13165.0,1179.0,2217.0,3409,30.448811968319156
GEORGIA,GA,JOHNSON,13167.0,1066.0,2913.0,3984,46.360441767068274
GEORGIA,GA,JONES,13169.0,4959.0,11079.0,16092,38.03131991051455
GEORGIA,GA,LAMAR,13171.0,2795.0,7575.0,10412,45.90856703803304
GEORGIA,GA,LANIER,13173.0,995.0,2726.0,3736,46.33297644539615
GEORGIA,GA,LAURENS,13175.0,7820.0,15460.0,23352,32.71668379582049
GEORGIA,GA,LEE,13177.0,4957.0,12655.0,17683,43.53333710343267
GEORGIA,GA,LIBERTY,13179.0,13459.0,9441.0,23028,-17.448323779746396
GEORGIA,GA,LINCOLN,13181.0,1351.0,3559.0,4931,44.77793551003853
GEORGIA,GA,LONG,13183.0,2476.0,4557.0,7056,29.49263038548753
GEORGIA,GA,LOWNDES,13185.0,19487.0,28081.0,47795,17.980960351501203
GEORGIA,GA,LUMPKIN,13187.0,3356.0,14339.0,17808,61.67452830188679
GEORGIA,GA,MACON,13193.0,2755.0,1916.0,4686,-17.904396073410158
GEORGIA,GA,MADISON,13195.0,3753.0,12951.0,16787,54.79239888008578
GEORGIA,GA,MARION,13197.0,1253.0,2348.0,3621,30.24026512013256
GEORGIA,GA,MCDUFFIE,13189.0,3937.0,6562.0,10537,24.912214102685773
GEORGIA,GA,MCINTOSH,13191.0,2628.0,4747.0,7408,28.604211663066952
GEORGIA,GA,MERIWETHER,13199.0,4373.0,7375.0,11788,25.46657617916525
GEORGIA,GA,MILLER,13201.0,670.0,2045.0,2724,50.477239353891335
GEORGIA,GA,MITCHELL,13205.0,3701.0,5150.0,8877,16.32308212233863
GEORGIA,GA,MONROE,13207.0,4689.0,12954.0,17704,46.684365115228196
GEORGIA,GA,MONTGOMERY,13209.0,927.0,3033.0,3973,53.00780266800906
GEORGIA,GA,MORGAN,13211.0,3533.0,9589.0,13181,45.94492071921705
GEORGIA,GA,MURRAY,13213.0,2459.0,14965.0,17468,71.59377146782688
GEORGIA,GA,MUSCOGEE,13215.0,49413.0,30616.0,80491,-23.352921444633562
GEORGIA,GA,NEWTON,13217.0,33839.0,24893.0,59051,-15.149616433252614
GEORGIA,GA,OCONEE,13219.0,8620.0,18424.0,27287,35.92919705354198
GEORGIA,GA,OGLETHORPE,13221.0,2515.0,6255.0,8822,42.394014962593516
GEORGIA,GA,PAULDING,13223.0,35802.0,58769.0,95196,24.126013698054543
GEORGIA,GA,PEACH,13225.0,6293.0,7104.0,13454,6.027947078935632
GEORGIA,GA,PICKENS,13227.0,3522.0,17281.0,20915,65.7853215395649
GEORGIA,GA,PIERCE,13229.0,1089.0,8655.0,9761,77.51254994365333
GEORGIA,GA,PIKE,13231.0,1648.0,10864.0,12549,73.44011475017929
GEORGIA,GA,POLK,13233.0,3749.0,15352.0,19171,60.523707683480254
GEORGIA,GA,PULASKI,13235.0,1281.0,3036.0,4336,40.475092250922515
GEORGIA,GA,PUTNAM,13237.0,3696.0,9136.0,12877,42.24586472004349
GEORGIA,GA,QUITMAN,13239.0,480.0,656.0,1140,15.43859649122807
GEORGIA,GA,RABUN,13241.0,2222.0,8151.0,10423,56.88381464069846
GEORGIA,GA,RANDOLPH,13243.0,1601.0,1373.0,2990,-7.625418060200668
GEORGIA,GA,RICHMOND,13245.0,56657.0,26472.0,83578,-36.11596353107277
GEORGIA,GA,ROCKDALE,13247.0,33165.0,11711.0,45160,-47.5066430469442
GEORGIA,GA,SCHLEY,13249.0,453.0,1970.0,2428,62.47940691927513
GEORGIA,GA,SCREVEN,13251.0,2581.0,4325.0,6920,25.202312138728324
GEORGIA,GA,SEMINOLE,13253.0,1191.0,2811.0,4007,40.42924881457449
GEORGIA,GA,SPALDING,13255.0,13679.0,19184.0,33038,16.662630909861374
GEORGIA,GA,STEPHENS,13257.0,2404.0,10632.0,13099,62.81395526376059
GEORGIA,GA,STEWART,13259.0,1177.0,847.0,2028,-16.272189349112427
GEORGIA,GA,SUMTER,13261.0,6136.0,5869.0,12049,-2.2159515312474065
GEORGIA,GA,TALBOT,13263.0,1888.0,1483.0,3379,-11.985794613791063
GEORGIA,GA,TALIAFERRO,13265.0,507.0,375.0,884,-14.93212669683258
GEORGIA,GA,TATTNALL,13267.0,1967.0,6515.0,8512,53.430451127819545
GEORGIA,GA,TAYLOR,13269.0,1366.0,2600.0,3982,30.989452536413864
GEORGIA,GA,TELFAIR,13271.0,1274.0,2930.0,4214,39.29757949691505
GEORGIA,GA,TERRELL,13273.0,2253.0,2075.0,4341,-4.100437687168855
GEORGIA,GA,THOMAS,13275.0,8347.0,13670.0,22080,24.107789855072465
GEORGIA,GA,TIFT,13277.0,5438.0,11496.0,16989,35.65836717876273
GEORGIA,GA,TOOMBS,13279.0,2674.0,8208.0,10912,50.71480938416423
GEORGIA,GA,TOWNS,13281.0,1649.0,7155.0,8838,62.299162706494684
GEORGIA,GA,TREUTLEN,13283.0,864.0,2250.0,3121,44.40884331944889
GEORGIA,GA,TROUP,13285.0,11757.0,19392.0,31304,24.389854331714798
GEORGIA,GA,TURNER,13287.0,1365.0,2457.0,3833,28.489433863814245
GEORGIA,GA,TWIGGS,13289.0,1895.0,2549.0,4456,14.676840215439857
GEORGIA,GA,UNION,13291.0,3309.0,14477.0,17880,62.46085011185683
GEORGIA,GA,UPSON,13293.0,4098.0,9528.0,13662,39.74527887571366
GEORGIA,GA,WALKER,13295.0,6436.0,25462.0,32086,59.29688960917534
GEORGIA,GA,WALTON,13297.0,15605.0,42407.0,58376,45.91270385089763
GEORGIA,GA,WARE,13299.0,4068.0,10279.0,14392,43.155919955530855
GEORGIA,GA,WARREN,13301.0,1354.0,1232.0,2592,-4.70679012345679
GEORGIA,GA,WASHINGTON,13303.0,4643.0,4824.0,9493,1.9066680712103656
GEORGIA,GA,WAYNE,13305.0,2708.0,10811.0,13561,59.75223066145564
GEORGIA,GA,WEBSTER,13307.0,544.0,790.0,1336,18.41317365269461
GEORGIA,GA,WHEELER,13309.0,622.0,1648.0,2276,45.07908611599297
GEORGIA,GA,WHITE,13311.0,2609.0,14136.0,16825,68.5111441307578
GEORGIA,GA,WHITFIELD,13313.0,10953.0,28655.0,39828,44.44611830872753
GEORGIA,GA,WILCOX,13315.0,847.0,2493.0,3347,49.17836868837765
GEORGIA,GA,WILKES,13317.0,2112.0,2971.0,5098,16.849744998038446
GEORGIA,GA,WILKINSON,13319.0,2012.0,2888.0,4908,17.84841075794621
GEORGIA,GA,WORTH,13321.0,2300.0,6991.0,9309,50.39209367278977
HAWAII,HI,HAWAII,15001.0,52163.0,28748.0,82823,-28.2711324149089
HAWAII,HI,HONOLULU,15003.0,204301.0,130489.0,340921,-21.650763666655912
HAWAII,HI,KAUAI,15007.0,17675.0,11803.0,30064,-19.53166577967004
HAWAII,HI,MAUI,15009.0,38905.0,22621.0,62893,-25.891593659071756
IOWA,IA,ADAIR,19001.0,2172.0,5832.0,4104,89.18128654970761
IOWA,IA,ADAMS,19003.0,1152.0,3034.0,2153,87.41291221551324
IOWA,IA,ALLAMAKEE,19005.0,4700.0,9714.0,7410,67.66531713900135
IOWA,IA,APPANOOSE,19007.0,3372.0,9408.0,6535,92.36419280795715
IOWA,IA,AUDUBON,19009.0,1940.0,4428.0,3286,75.7151552038953
IOWA,IA,BENTON,19011.0,9478.0,19098.0,14593,65.92201740560543
IOWA,IA,BLACK HAWK,19013.0,62598.0,61144.0,63279,-2.2977607105042748
IOWA,IA,BOONE,19015.0,11790.0,18398.0,15520,42.577319587628864
IOWA,IA,BREMER,19017.0,11142.0,17598.0,14673,43.99918217133511
IOWA,IA,BUCHANAN,19019.0,7532.0,13580.0,10856,55.71112748710391
IOWA,IA,BUENA VISTA,19021.0,4924.0,9924.0,7593,65.85012511523772
IOWA,IA,BUTLER,19023.0,4288.0,11568.0,8102,89.8543569489015
IOWA,IA,CALHOUN,19025.0,2656.0,7416.0,5121,92.95059558679945
IOWA,IA,CARROLL,19027.0,6306.0,15628.0,11209,83.16531358729591
IOWA,IA,CASS,19029.0,4154.0,10014.0,7292,80.36204059243006
IOWA,IA,CEDAR,19031.0,8150.0,12780.0,10709,43.23466243346717
IOWA,IA,CERRO GORDO,19033.0,19910.0,25254.0,23152,23.082239115411195
IOWA,IA,CHEROKEE,19035.0,3222.0,8796.0,6143,90.73742471105322
IOWA,IA,CHICKASAW,19037.0,3838.0,8468.0,6277,73.76135096383622
IOWA,IA,CLARKE,19039.0,2530.0,6280.0,4552,82.38137082601055
IOWA,IA,CLAY,19041.0,4734.0,12094.0,8609,85.49192705308398
IOWA,IA,CLAYTON,19043.0,6034.0,12510.0,9461,68.44942395095656
IOWA,IA,CLINTON,19045.0,23679.0,27928.0,24026,17.68500790809956
IOWA,IA,CRAWFORD,19047.0,3624.0,9302.0,6605,85.96517789553369
IOWA,IA,DALLAS,19049.0,58804.0,64748.0,63330,9.385757145112901
IOWA,IA,DAVIS,19051.0,1756.0,6054.0,3970,108.26196473551637
IOWA,IA,DECATUR,19053.0,1914.0,5422.0,3754,93.44698987746403
IOWA,IA,DELAWARE,19055.0,5956.0,13968.0,10211,78.46440113602978
IOWA,IA,DES MOINES,19057.0,15870.0,21588.0,19171,29.826300140837724
IOWA,IA,DICKINSON,19059.0,6594.0,15550.0,11319,79.12359749094443
IOWA,IA,DUBUQUE,19061.0,37961.0,56448.0,53057,34.84365870667395
IOWA,IA,EMMET,19063.0,2630.0,6844.0,4831,87.22831711860898
IOWA,IA,FAYETTE,19065.0,6668.0,12650.0,9928,60.253827558420625
IOWA,IA,FLOYD,19067.0,5564.0,9488.0,7704,50.93457943925234
IOWA,IA,FRANKLIN,19069.0,2786.0,6862.0,4947,82.39336971902162
IOWA,IA,FREMONT,19071.0,2046.0,5422.0,3814,88.51599370739382
IOWA,IA,GREENE,19073.0,3206.0,6422.0,4968,64.73429951690821
IOWA,IA,GRUNDY,19075.0,4038.0,9996.0,7202,82.72702027214662
IOWA,IA,GUTHRIE,19077.0,4182.0,8892.0,6606,71.29881925522253
IOWA,IA,HAMILTON,19079.0,4964.0,10008.0,7643,65.99502813031532
IOWA,IA,HANCOCK,19081.0,3046.0,8672.0,5979,94.09600267603278
IOWA,IA,HARDIN,19083.0,5106.0,11580.0,8538,75.8257203092059
IOWA,IA,HARRISON,19085.0,4490.0,11132.0,8015,82.86961946350593
IOWA,IA,HENRY,19087.0,5990.0,12878.0,9673,71.2085185568076
IOWA,IA,HOWARD,19089.0,3238.0,6314.0,4884,62.98116298116299
IOWA,IA,HUMBOLDT,19091.0,2472.0,7540.0,5135,98.6952288218111
IOWA,IA,IDA,19093.0,1652.0,5542.0,3671,105.96567692726776
IOWA,IA,IOWA,19095.0,6800.0,12136.0,9704,54.9876339653751
IOWA,IA,JACKSON,19097.0,7134.0,14148.0,10849,64.65111991888654
IOWA,IA,JASPER,19099.0,14282.0,25402.0,20306,54.76213926918152
IOWA,IA,JEFFERSON,19101.0,7576.0,8706.0,8454,13.366453749704283
IOWA,IA,JOHNSON,19103.0,117692.0,52174.0,87107,-75.21553950887989
IOWA,IA,JONES,19105.0,7884.0,13640.0,11054,52.071648272118686
IOWA,IA,KEOKUK,19107.0,3119.0,7738.0,5182,89.13546893091471
IOWA,IA,KOSSUTH,19109.0,4568.0,11966.0,8450,87.55029585798817
IOWA,IA,LEE,19111.0,11318.0,20304.0,16311,55.09165593771075
IOWA,IA,LINN,19113.0,132716.0,108474.0,123750,-19.58949494949495
IOWA,IA,LOUISA,19115.0,2960.0,7168.0,5178,81.26689841637697
IOWA,IA,LUCAS,19117.0,2338.0,6800.0,4676,95.42343883661249
IOWA,IA,LYON,19119.0,2046.0,11798.0,7046,138.40476866307125
IOWA,IA,MADISON,19121.0,6016.0,13728.0,10117,76.22813086883463
IOWA,IA,MAHASKA,19123.0,8232.0,16414.0,11017,74.26704184442225
IOWA,IA,MARION,19125.0,11856.0,26578.0,19661,74.87920248207111
IOWA,IA,MARSHALL,19127.0,14268.0,19630.0,17406,30.80546937837527
IOWA,IA,MILLS,19129.0,4912.0,11342.0,8329,77.20014407491895
IOWA,IA,MITCHELL,19131.0,3886.0,7472.0,5796,61.870255348516224
IOWA,IA,MONONA,19133.0,2472.0,6662.0,4669,89.74084386378239
IOWA,IA,MONROE,19135.0,2004.0,6208.0,4185,100.45400238948625
IOWA,IA,MONTGOMERY,19137.0,3016.0,6972.0,5105,77.4926542605289
IOWA,IA,MUSCATINE,19139.0,16424.0,22304.0,19873,29.587883057414583
IOWA,IA,O'BRIEN,19141.0,2856.0,11996.0,7569,120.7557140969745
IOWA,IA,OSCEOLA,19143.0,1110.0,5246.0,3245,127.45762711864406
IOWA,IA,PAGE,19145.0,4120.0,10306.0,7419,83.38050950262839
IOWA,IA,PALO ALTO,19147.0,2676.0,7152.0,5013,89.28785158587672
IOWA,IA,PLYMOUTH,19149.0,6208.0,21322.0,14084,107.31326327747799
IOWA,IA,POCAHONTAS,19151.0,1592.0,5454.0,3600,107.27777777777779
IOWA,IA,POLK,19153.0,280150.0,224480.0,258067,-21.57191737029531
IOWA,IA,POTTAWATTAMIE,19155.0,34936.0,52670.0,44766,39.614886297636595
IOWA,IA,POWESHIEK,19157.0,8134.0,11516.0,10069,33.58824113616049
IOWA,IA,RINGGOLD,19159.0,1276.0,4030.0,2711,101.58613057912208
IOWA,IA,SAC,19161.0,2578.0,8200.0,5498,102.25536558748635
IOWA,IA,SCOTT,19163.0,84958.0,91952.0,90612,7.718624464750806
IOWA,IA,SHELBY,19165.0,3622.0,9200.0,6543,85.25141372459116
IOWA,IA,SIOUX,19167.0,5252.0,32106.0,19120,140.44979079497907
IOWA,IA,STORY,19169.0,53530.0,43330.0,49818,-20.474527279296638
IOWA,IA,TAMA,19171.0,6140.0,10758.0,8685,53.172135866436385
IOWA,IA,TAYLOR,19173.0,1332.0,4762.0,3102,110.57382333978079
IOWA,IA,UNION,19175.0,3748.0,8088.0,6041,71.84241019698725
IOWA,IA,VAN BUREN,19177.0,1556.0,5570.0,3655,109.82216142270862
IOWA,IA,WAPELLO,19179.0,9792.0,18958.0,14697,62.36646934748589
IOWA,IA,WARREN,19181.0,25424.0,38972.0,33123,40.902092201793316
IOWA,IA,WASHINGTON,19183.0,8594.0,14238.0,11673,48.35089522830464
IOWA,IA,WAYNE,19185.0,1286.0,4852.0,3162,112.77672359266286
IOWA,IA,WEBSTER,19187.0,11282.0,21700.0,16825,61.919762258543834
IOWA,IA,WINNEBAGO,19189.0,3818.0,7272.0,5668,60.938602681721946
IOWA,IA,WINNESHIEK,19191.0,10642.0,12854.0,12079,18.312774236277836
IOWA,IA,WOODBURY,19193.0,32290.0,51938.0,43247,45.432053090387775
IOWA,IA,WORTH,19195.0,3016.0,5430.0,4313,55.970322281474616
IOWA,IA,WRIGHT,19197.0,3540.0,7706.0,5772,72.17602217602219
IDAHO,ID,ADA,16001.0,116116.0,143759.0,267419,10.33696184639087
IDAHO,ID,ADAMS,16003.0,577.0,2037.0,2681,54.457292055203276
IDAHO,ID,BANNOCK,16005.0,14306.0,24329.0,39976,25.07254352611567
IDAHO,ID,BEAR LAKE,16007.0,346.0,2908.0,3325,77.05263157894737
IDAHO,ID,BENEWAH,16009.0,935.0,4094.0,5145,61.399416909620996
IDAHO,ID,BINGHAM,16011.0,3878.0,16188.0,20651,59.609704130550575
IDAHO,ID,BLAINE,16013.0,8424.0,4281.0,13089,-31.652532661013066
IDAHO,ID,BOISE,16015.0,1065.0,3727.0,4910,54.215885947046836
IDAHO,ID,BONNER,16017.0,7650.0,21352.0,29710,46.1191518007405
IDAHO,ID,BONNEVILLE,16019.0,14458.0,40053.0,56436,45.35225742433908
IDAHO,ID,BOUNDARY,16021.0,1145.0,5794.0,7110,65.38677918424753
IDAHO,ID,BUTTE,16023.0,185.0,1268.0,1494,72.48995983935743
IDAHO,ID,CAMAS,16025.0,153.0,547.0,728,54.12087912087912
IDAHO,ID,CANYON,16027.0,25669.0,72755.0,101030,46.60595862615065
IDAHO,ID,CARIBOU,16029.0,445.0,2906.0,3456,71.20949074074075
IDAHO,ID,CASSIA,16031.0,1359.0,7959.0,9558,69.05210295040803
IDAHO,ID,CLARK,16033.0,50.0,280.0,333,69.06906906906907
IDAHO,ID,CLEARWATER,16035.0,774.0,3550.0,4420,62.80542986425339
IDAHO,ID,CUSTER,16037.0,586.0,1998.0,2650,53.283018867924525
IDAHO,ID,ELMORE,16039.0,2611.0,7791.0,10672,48.53823088455772
IDAHO,ID,FRANKLIN,16041.0,703.0,6279.0,7184,77.61692650334075
IDAHO,ID,FREMONT,16043.0,954.0,5645.0,6803,68.95487285021315
IDAHO,ID,GEM,16045.0,1699.0,8707.0,10620,65.98870056497175
IDAHO,ID,GOODING,16047.0,1100.0,4676.0,5918,60.425819533626225
IDAHO,ID,IDAHO,16049.0,1460.0,8148.0,9867,67.7814938684504
IDAHO,ID,JEFFERSON,16051.0,1891.0,13481.0,15820,73.26169405815423
IDAHO,ID,JEROME,16053.0,1742.0,6012.0,7946,53.73772967530833
IDAHO,ID,KOOTENAI,16055.0,22113.0,72059.0,96365,51.83002127328387
IDAHO,ID,LATAH,16057.0,9039.0,10669.0,20461,7.96637505498265
IDAHO,ID,LEMHI,16059.0,1038.0,3716.0,4874,54.9446040213377
IDAHO,ID,LEWIS,16061.0,305.0,1503.0,1846,64.89707475622969
IDAHO,ID,LINCOLN,16063.0,392.0,1466.0,1917,56.02503912363067
IDAHO,ID,MADISON,16065.0,2767.0,13925.0,17363,64.26308817600645
IDAHO,ID,MINIDOKA,16067.0,1373.0,6401.0,7948,63.26119778560644
IDAHO,ID,NEZ PERCE,16069.0,5928.0,13707.0,20135,38.634219021604174
IDAHO,ID,ONEIDA,16071.0,253.0,2119.0,2457,75.94627594627595
IDAHO,ID,OWYHEE,16073.0,756.0,4101.0,4950,67.57575757575758
IDAHO,ID,PAYETTE,16075.0,2064.0,9458.0,11761,62.868803673157046
IDAHO,ID,POWER,16077.0,785.0,2146.0,3021,45.05130751406819
IDAHO,ID,SHOSHONE,16079.0,1472.0,4500.0,6132,49.380300065231566
IDAHO,ID,TETON,16081.0,3463.0,3005.0,6698,-6.837862048372649
IDAHO,ID,TWIN FALLS,16083.0,9064.0,27304.0,37383,48.79223176310087
IDAHO,ID,VALLEY,16085.0,2869.0,4214.0,7240,18.577348066298345
IDAHO,ID,WASHINGTON,16087.0,1010.0,4429.0,5555,61.548154815481546
ILLINOIS,IL,ADAMS,17001.0,8111.0,23161.0,31766,47.37769942706038
ILLINOIS,IL,ALEXANDER,17003.0,904.0,1341.0,2271,19.24262439453985
ILLINOIS,IL,BOND,17005.0,2117.0,5692.0,7991,44.73783005881617
ILLINOIS,IL,BOONE,17007.0,10159.0,13673.0,24256,14.487137203166228
ILLINOIS,IL,BROWN,17009.0,467.0,1938.0,2455,59.91853360488798
ILLINOIS,IL,BUREAU,17011.0,5900.0,9784.0,15999,24.276517282330147
ILLINOIS,IL,CALHOUN,17013.0,560.0,2059.0,2680,55.93283582089552
ILLINOIS,IL,CARROLL,17015.0,2600.0,5082.0,7840,31.658163265306122
ILLINOIS,IL,CASS,17017.0,1438.0,3712.0,5241,43.388666285060104
ILLINOIS,IL,CHAMPAIGN,17019.0,54314.0,32965.0,89581,-23.83206260256081
ILLINOIS,IL,CHRISTIAN,17021.0,4026.0,11278.0,15545,46.651656481183664
ILLINOIS,IL,CLARK,17023.0,1927.0,6130.0,8206,51.21862052156958
ILLINOIS,IL,CLAY,17025.0,1054.0,5610.0,6769,67.3068400059093
ILLINOIS,IL,CLINTON,17027.0,4447.0,14407.0,19230,51.794071762870516
ILLINOIS,IL,COLES,17029.0,7495.0,13606.0,21507,28.41400474264193
ILLINOIS,IL,COOK,17031.0,1447821.0,583852.0,2079239,-41.55217365584235
ILLINOIS,IL,CRAWFORD,17033.0,2048.0,6727.0,8935,52.367095691102406
ILLINOIS,IL,CUMBERLAND,17035.0,1059.0,4627.0,5769,61.84780724562315
ILLINOIS,IL,DEKALB,17037.0,23648.0,22716.0,47401,-1.9662032446572857
ILLINOIS,IL,DEWITT,17039.0,2058.0,5529.0,7758,44.740912606341844
ILLINOIS,IL,DOUGLAS,17041.0,2198.0,6076.0,8410,46.11177170035672
ILLINOIS,IL,DUPAGE,17043.0,251164.0,191243.0,456882,-13.115202612490753
ILLINOIS,IL,EDGAR,17045.0,1816.0,5955.0,7912,52.31294236602629
ILLINOIS,IL,EDWARDS,17047.0,457.0,2794.0,3289,71.05503192459715
ILLINOIS,IL,EFFINGHAM,17049.0,3617.0,15124.0,19084,60.29658352546636
ILLINOIS,IL,FAYETTE,17051.0,1632.0,7847.0,9601,64.73284032913239
ILLINOIS,IL,FORD,17053.0,1643.0,4778.0,6553,47.8406836563406
ILLINOIS,IL,FRANKLIN,17055.0,4257.0,13200.0,17692,50.54827040470269
ILLINOIS,IL,FULTON,17057.0,5980.0,9827.0,16144,23.829286422200198
ILLINOIS,IL,GALLATIN,17059.0,561.0,1923.0,2530,53.83399209486166
ILLINOIS,IL,GREENE,17061.0,1220.0,4719.0,6056,57.7774108322325
ILLINOIS,IL,GRUNDY,17063.0,9143.0,16997.0,26589,29.538530971454364
ILLINOIS,IL,HAMILTON,17065.0,739.0,3385.0,4181,63.28629514470222
ILLINOIS,IL,HANCOCK,17067.0,2183.0,6708.0,9065,49.91726420297849
ILLINOIS,IL,HARDIN,17069.0,357.0,1546.0,1926,61.73416407061267
ILLINOIS,IL,HENDERSON,17071.0,1026.0,2369.0,3464,38.77020785219399
ILLINOIS,IL,HENRY,17073.0,9226.0,15359.0,25092,24.442053244061853
ILLINOIS,IL,IROQUOIS,17075.0,2747.0,10376.0,13324,57.25758030621435
ILLINOIS,IL,JACKSON,17077.0,11394.0,10614.0,22465,-3.4720676608056977
ILLINOIS,IL,JASPER,17079.0,912.0,4449.0,5425,65.19815668202766
ILLINOIS,IL,JEFFERSON,17081.0,4240.0,12189.0,16662,47.70735806025687
ILLINOIS,IL,JERSEY,17083.0,2816.0,8684.0,11694,50.17957927142124
ILLINOIS,IL,JODAVIESS,17085.0,5051.0,7136.0,12414,16.795553407443208
ILLINOIS,IL,JOHNSON,17087.0,1241.0,4798.0,6103,58.28281173193511
ILLINOIS,IL,KANE,17089.0,120077.0,99260.0,223534,-9.312677266098222
ILLINOIS,IL,KANKAKEE,17091.0,18399.0,28285.0,47569,20.7824423469066
ILLINOIS,IL,KENDALL,17093.0,32977.0,31970.0,66397,-1.5166347877163124
ILLINOIS,IL,KNOX,17095.0,9838.0,11917.0,22191,9.368662971474922
ILLINOIS,IL,LAKE,17097.0,184642.0,120402.0,310913,-20.66172852212677
ILLINOIS,IL,LASALLE,17099.0,21029.0,30717.0,52508,18.450521825245676
ILLINOIS,IL,LAWRENCE,17101.0,1283.0,4715.0,6110,56.17021276595745
ILLINOIS,IL,LEE,17103.0,6105.0,9680.0,16113,22.18705393160802
ILLINOIS,IL,LIVINGSTON,17105.0,4311.0,11970.0,16549,46.28074203879389
ILLINOIS,IL,LOGAN,17107.0,3543.0,8757.0,12564,41.49952244508118
ILLINOIS,IL,MACON,17115.0,18009.0,26562.0,45341,18.86372157649809
ILLINOIS,IL,MACOUPIN,17117.0,6892.0,16065.0,23425,39.159018143009604
ILLINOIS,IL,MADISON,17119.0,56341.0,73925.0,133072,13.213899242515332
ILLINOIS,IL,MARION,17121.0,4116.0,12409.0,16762,49.475002982937596
ILLINOIS,IL,MARSHALL,17123.0,1913.0,4119.0,6127,36.004569936347316
ILLINOIS,IL,MASON,17125.0,1773.0,4464.0,6374,42.21838719799184
ILLINOIS,IL,MASSAC,17127.0,1683.0,4939.0,6676,48.7717195925704
ILLINOIS,IL,MCDONOUGH,17109.0,4736.0,6987.0,11972,18.802205145339123
ILLINOIS,IL,MCHENRY,17111.0,75370.0,83933.0,162283,5.2765847316108285
ILLINOIS,IL,MCLEAN,17113.0,44495.0,40290.0,86522,-4.860035597882619
ILLINOIS,IL,MENARD,17129.0,1834.0,4499.0,6431,41.43990048204012
ILLINOIS,IL,MERCER,17131.0,2950.0,5215.0,8346,27.13874910136592
ILLINOIS,IL,MONROE,17133.0,6473.0,14055.0,20902,36.2740407616496
ILLINOIS,IL,MONTGOMERY,17135.0,3573.0,9378.0,13203,43.967280163599185
ILLINOIS,IL,MORGAN,17137.0,4848.0,9607.0,14677,32.42488246916945
ILLINOIS,IL,MOULTRIE,17139.0,1615.0,4816.0,6528,49.03492647058824
ILLINOIS,IL,OGLE,17141.0,8883.0,16450.0,25799,29.33059420907787
ILLINOIS,IL,PEORIA,17143.0,40564.0,36896.0,79138,-4.6349414946043614
ILLINOIS,IL,PERRY,17145.0,2146.0,6949.0,9248,51.93555363321799
ILLINOIS,IL,PIATT,17147.0,3204.0,6104.0,9508,30.500631047538914
ILLINOIS,IL,PIKE,17149.0,1302.0,6086.0,7509,63.71021440937542
ILLINOIS,IL,POPE,17151.0,416.0,1698.0,2133,60.10314111579934
ILLINOIS,IL,PULASKI,17153.0,769.0,1583.0,2381,34.18731625367493
ILLINOIS,IL,PUTNAM,17155.0,1254.0,2014.0,3334,22.795440911817636
ILLINOIS,IL,RANDOLPH,17157.0,3461.0,10624.0,14333,49.9755808274611
ILLINOIS,IL,RICHLAND,17159.0,1747.0,5889.0,7755,53.4107027724049
ILLINOIS,IL,ROCK ISLAND,17161.0,34126.0,28061.0,63458,-9.557502600144979
ILLINOIS,IL,SALINE,17165.0,2634.0,7830.0,10605,48.995756718528995
ILLINOIS,IL,SANGAMON,17167.0,46074.0,50979.0,99171,4.946002359560759
ILLINOIS,IL,SCHUYLER,17169.0,961.0,2720.0,3759,46.79436020218143
ILLINOIS,IL,SCOTT,17171.0,488.0,2071.0,2587,61.1905682257441
ILLINOIS,IL,SHELBY,17173.0,2240.0,9267.0,11670,60.21422450728363
ILLINOIS,IL,ST. CLAIR,17163.0,63433.0,54021.0,119962,-7.845817842316734
ILLINOIS,IL,STARK,17175.0,725.0,1983.0,2761,45.56320173850054
ILLINOIS,IL,STEPHENSON,17177.0,8278.0,12347.0,20995,19.38080495356037
ILLINOIS,IL,TAZEWELL,17179.0,24325.0,42451.0,68027,26.645302600438058
ILLINOIS,IL,UNION,17181.0,2285.0,5837.0,8226,43.180160466812545
ILLINOIS,IL,VERMILION,17183.0,9254.0,19777.0,29549,35.61203424819791
ILLINOIS,IL,WABASH,17185.0,1200.0,4095.0,5377,53.840431467360986
ILLINOIS,IL,WARREN,17187.0,2711.0,4579.0,7447,25.0839264133208
ILLINOIS,IL,WASHINGTON,17189.0,1564.0,5892.0,7562,57.23353610156043
ILLINOIS,IL,WAYNE,17191.0,1155.0,7019.0,8275,70.86404833836858
ILLINOIS,IL,WHITE,17193.0,1390.0,5586.0,7067,59.37455780387717
ILLINOIS,IL,WHITESIDE,17195.0,11012.0,14898.0,26447,14.693538019435096
ILLINOIS,IL,WILL,17197.0,162874.0,157672.0,327604,-1.587892699722836
ILLINOIS,IL,WILLIAMSON,17199.0,9890.0,22686.0,33068,38.69602032176122
ILLINOIS,IL,WINNEBAGO,17201.0,59942.0,59257.0,121347,-0.5644968561233488
ILLINOIS,IL,WOODFORD,17203.0,5958.0,14837.0,21123,42.03474885196232
INDIANA,IN,ADAMS,18001.0,3179.0,10528.0,13966,52.62065015036518
INDIANA,IN,ALLEN,18003.0,69960.0,90283.0,163163,12.45564251699221
INDIANA,IN,BARTHOLOMEW,18005.0,12525.0,22220.0,35488,27.319093778178537
INDIANA,IN,BENTON,18007.0,1010.0,2873.0,3954,47.116843702579665
INDIANA,IN,BLACKFORD,18009.0,1227.0,3811.0,5136,50.31152647975078
INDIANA,IN,BOONE,18011.0,16426.0,22840.0,40109,15.991423371313171
INDIANA,IN,BROWN,18013.0,2832.0,5647.0,8627,32.630114755998605
INDIANA,IN,CARROLL,18015.0,2120.0,6902.0,9184,52.068815331010455
INDIANA,IN,CASS,18017.0,3722.0,10285.0,14213,46.1760360233589
INDIANA,IN,CLARK,18019.0,22810.0,34734.0,58612,20.343956868900566
INDIANA,IN,CLAY,18021.0,2495.0,9354.0,12055,56.89755288262132
INDIANA,IN,CLINTON,18023.0,3135.0,9108.0,12450,47.975903614457835
INDIANA,IN,CRAWFORD,18025.0,1235.0,3668.0,5011,48.553182997405706
INDIANA,IN,DAVIESS,18027.0,1963.0,9322.0,11449,64.27635601362564
INDIANA,IN,DEARBORN,18029.0,5335.0,20844.0,26600,58.30451127819549
INDIANA,IN,DECATUR,18031.0,2406.0,9491.0,12111,58.50053670217158
INDIANA,IN,DEKALB,18033.0,5064.0,14377.0,19792,47.05436540016168
INDIANA,IN,DELAWARE,18035.0,18848.0,26067.0,45784,15.767517036519308
INDIANA,IN,DUBOIS,18037.0,5944.0,14983.0,21424,42.19100074682599
INDIANA,IN,ELKHART,18039.0,23082.0,45652.0,69765,32.35146563463054
INDIANA,IN,FAYETTE,18041.0,2084.0,7625.0,9838,56.3224232567595
INDIANA,IN,FLOYD,18043.0,17025.0,23408.0,41181,15.49986644326267
INDIANA,IN,FOUNTAIN,18045.0,1526.0,6311.0,7982,59.9473816086194
INDIANA,IN,FRANKLIN,18047.0,2061.0,9810.0,12034,64.3925544291175
INDIANA,IN,FULTON,18049.0,2097.0,6633.0,8854,51.23108199683759
INDIANA,IN,GIBSON,18051.0,3722.0,11896.0,15901,51.405571976605245
INDIANA,IN,GRANT,18053.0,7083.0,17580.0,25156,41.727619653363014
INDIANA,IN,GREENE,18055.0,3270.0,11132.0,14633,53.72787535023576
INDIANA,IN,HAMILTON,18057.0,90394.0,102318.0,196727,6.06119139721543
INDIANA,IN,HANCOCK,18059.0,14312.0,29288.0,44450,33.691788526434195
INDIANA,IN,HARRISON,18061.0,5233.0,14830.0,20448,46.933685446009385
INDIANA,IN,HENDRICKS,18063.0,31917.0,49783.0,83189,21.476397119811512
INDIANA,IN,HENRY,18065.0,5208.0,15033.0,20604,47.68491555037856
INDIANA,IN,HOWARD,18067.0,12197.0,25871.0,38784,35.25680693069307
INDIANA,IN,HUNTINGTON,18069.0,4416.0,12990.0,17735,48.3450803495912
INDIANA,IN,JACKSON,18071.0,4015.0,14323.0,18654,55.258925699581866
INDIANA,IN,JASPER,18073.0,3489.0,12082.0,15826,54.29672690509288
INDIANA,IN,JAY,18075.0,1747.0,6217.0,8103,55.164753794890785
INDIANA,IN,JEFFERSON,18077.0,4442.0,9614.0,14327,36.099671948070075
INDIANA,IN,JENNINGS,18079.0,2328.0,9273.0,11809,58.81107629773902
INDIANA,IN,JOHNSON,18081.0,24880.0,51588.0,77832,34.31493473121595
INDIANA,IN,KNOX,18083.0,3625.0,11236.0,15110,50.370615486432825
INDIANA,IN,KOSCIUSKO,18085.0,7995.0,26213.0,34896,52.20655662540119
INDIANA,IN,LAGRANGE,18087.0,2162.0,8073.0,10411,56.77648640860629
INDIANA,IN,LAKE,18089.0,109086.0,97270.0,209551,-5.638722793019361
INDIANA,IN,LAPORTE,18091.0,20007.0,26726.0,47553,14.129497613189493
INDIANA,IN,LAWRENCE,18093.0,5010.0,15830.0,21220,50.98963242224317
INDIANA,IN,MADISON,18095.0,19824.0,34837.0,55730,26.938812129912076
INDIANA,IN,MARION,18097.0,221719.0,124327.0,352540,-27.62580132750894
INDIANA,IN,MARSHALL,18099.0,5356.0,13837.0,19559,43.361112531315506
INDIANA,IN,MARTIN,18101.0,933.0,3961.0,4992,60.65705128205128
INDIANA,IN,MIAMI,18103.0,3046.0,10670.0,13977,54.54675538384489
INDIANA,IN,MONROE,18105.0,37213.0,21004.0,59256,-27.35419198055893
INDIANA,IN,MONTGOMERY,18107.0,4134.0,12122.0,16581,48.1756227006815
INDIANA,IN,MORGAN,18109.0,7765.0,26965.0,35352,54.31093007467753
INDIANA,IN,NEWTON,18111.0,1370.0,5131.0,6601,56.97621572489017
INDIANA,IN,NOBLE,18113.0,4462.0,14209.0,18964,51.39738451803417
INDIANA,IN,OHIO,18115.0,666.0,2381.0,3091,55.48366224522808
INDIANA,IN,ORANGE,18117.0,1988.0,6467.0,8595,52.11169284467714
INDIANA,IN,OWEN,18119.0,2354.0,7360.0,9876,50.68853786958283
INDIANA,IN,PARKE,18121.0,1371.0,5158.0,6654,56.91313495641719
INDIANA,IN,PERRY,18123.0,2970.0,5549.0,8666,29.759981537041313
INDIANA,IN,PIKE,18125.0,1314.0,4610.0,6009,54.851056748211015
INDIANA,IN,PORTER,18127.0,37213.0,46109.0,84969,10.469700714378186
INDIANA,IN,POSEY,18129.0,3572.0,9206.0,12978,43.41192787794729
INDIANA,IN,PULASKI,18131.0,1280.0,4372.0,5763,53.65261148707271
INDIANA,IN,PUTNAM,18133.0,3871.0,12566.0,16734,51.96008127166248
INDIANA,IN,RANDOLPH,18135.0,2349.0,8008.0,10553,53.624561735999244
INDIANA,IN,RIPLEY,18137.0,2682.0,11526.0,14405,61.395348837209305
INDIANA,IN,RUSH,18139.0,1675.0,5812.0,7656,54.03605015673981
INDIANA,IN,SCOTT,18143.0,2389.0,7633.0,10187,51.47737312260724
INDIANA,IN,SHELBY,18145.0,4955.0,14438.0,19754,48.00546724713982
INDIANA,IN,SPENCER,18147.0,2853.0,7364.0,10442,43.20053629572879
INDIANA,IN,ST. JOSEPH,18141.0,55215.0,53585.0,110823,-1.4708138202358716
INDIANA,IN,STARKE,18149.0,2436.0,7889.0,10478,52.04237449895018
INDIANA,IN,STEUBEN,18151.0,4598.0,11487.0,16364,42.09850892202395
INDIANA,IN,SULLIVAN,18153.0,2006.0,6639.0,8795,52.67765776009096
INDIANA,IN,SWITZERLAND,18155.0,873.0,3319.0,4258,57.444809769844994
INDIANA,IN,TIPPECANOE,18157.0,32683.0,32783.0,66906,0.14946342629958448
INDIANA,IN,TIPTON,18159.0,1893.0,5946.0,7976,50.81494483450351
INDIANA,IN,UNION,18161.0,746.0,2698.0,3494,55.867200915855754
INDIANA,IN,VANDERBURGH,18163.0,31727.0,41056.0,73832,12.635442626503412
INDIANA,IN,VERMILLION,18165.0,1928.0,5174.0,7256,44.73539140022051
INDIANA,IN,VIGO,18167.0,16338.0,23738.0,40914,18.086718482670967
INDIANA,IN,WABASH,18169.0,3335.0,10425.0,13961,50.78432777021703
INDIANA,IN,WARREN,18171.0,898.0,3402.0,4370,57.29977116704805
INDIANA,IN,WARRICK,18173.0,11292.0,21280.0,33102,30.173403419732946
INDIANA,IN,WASHINGTON,18175.0,2764.0,9739.0,12723,54.821975949068616
INDIANA,IN,WAYNE,18177.0,8828.0,17526.0,26827,32.42255936183695
INDIANA,IN,WELLS,18179.0,2850.0,11006.0,14110,57.80297661233168
INDIANA,IN,WHITE,18181.0,2945.0,7969.0,11163,45.005822807489025
INDIANA,IN,WHITLEY,18183.0,4275.0,13122.0,17740,49.87034949267193
KANSAS,KS,ALLEN,20001.0,1445.0,4029.0,5600,46.14285714285714
KANSAS,KS,ANDERSON,20003.0,732.0,2998.0,3791,59.773146926932206
KANSAS,KS,ATCHISON,20005.0,2201.0,4911.0,7255,37.35354927636113
KANSAS,KS,BARBER,20007.0,288.0,1854.0,2170,72.16589861751153
KANSAS,KS,BARTON,20009.0,2207.0,8205.0,10570,56.74550614947967
KANSAS,KS,BOURBON,20011.0,1444.0,5003.0,6572,54.15398660986001
KANSAS,KS,BROWN,20013.0,1065.0,3106.0,4258,47.93330201972757
KANSAS,KS,BUTLER,20015.0,9150.0,22426.0,32236,41.18376969847375
KANSAS,KS,CHASE,20017.0,348.0,1090.0,1462,50.752393980848154
KANSAS,KS,CHAUTAUQUA,20019.0,211.0,1299.0,1527,71.25081859855926
KANSAS,KS,CHEROKEE,20021.0,1970.0,6584.0,8717,52.93105426178732
KANSAS,KS,CHEYENNE,20023.0,206.0,1185.0,1422,68.84669479606188
KANSAS,KS,CLARK,20025.0,129.0,867.0,1014,72.7810650887574
KANSAS,KS,CLAY,20027.0,867.0,3150.0,4113,55.50692924872356
KANSAS,KS,CLOUD,20029.0,767.0,3218.0,4047,60.56338028169014
KANSAS,KS,COFFEY,20031.0,934.0,3371.0,4377,55.67740461503313
KANSAS,KS,COMANCHE,20033.0,130.0,727.0,874,68.3066361556064
KANSAS,KS,COWLEY,20035.0,3919.0,9360.0,13505,40.28878193261755
KANSAS,KS,CRAWFORD,20037.0,5956.0,10084.0,16334,25.272437859679197
KANSAS,KS,DECATUR,20039.0,215.0,1217.0,1452,69.00826446280992
KANSAS,KS,DICKINSON,20041.0,1989.0,7014.0,9144,54.95406824146981
KANSAS,KS,DONIPHAN,20043.0,626.0,2899.0,3577,63.54487000279564
KANSAS,KS,DOUGLAS,20045.0,39582.0,17523.0,58041,-38.0058923864165
KANSAS,KS,EDWARDS,20047.0,213.0,1042.0,1269,65.3270291568164
KANSAS,KS,ELK,20049.0,191.0,1123.0,1338,69.65620328849027
KANSAS,KS,ELLIS,20051.0,3511.0,9743.0,13511,46.12537932055362
KANSAS,KS,ELLSWORTH,20053.0,636.0,2078.0,2758,52.28426395939086
KANSAS,KS,FINNEY,20055.0,3425.0,7166.0,10782,34.696716750139124
KANSAS,KS,FORD,20057.0,2461.0,5616.0,8224,38.36332684824903
KANSAS,KS,FRANKLIN,20059.0,3676.0,8773.0,12708,40.10859301227573
KANSAS,KS,GEARY,20061.0,3674.0,5288.0,9163,17.61431845465459
KANSAS,KS,GOVE,20063.0,150.0,1227.0,1396,77.14899713467048
KANSAS,KS,GRAHAM,20065.0,210.0,1055.0,1287,65.65656565656566
KANSAS,KS,GRANT,20067.0,395.0,1793.0,2220,62.972972972972975
KANSAS,KS,GRAY,20069.0,324.0,1837.0,2193,68.9922480620155
KANSAS,KS,GREELEY,20071.0,75.0,510.0,593,73.35581787521079
KANSAS,KS,GREENWOOD,20073.0,541.0,2299.0,2884,60.95700416088765
KANSAS,KS,HAMILTON,20075.0,131.0,671.0,815,66.25766871165644
KANSAS,KS,HARPER,20077.0,437.0,2072.0,2555,63.992172211350294
KANSAS,KS,HARVEY,20079.0,6202.0,9591.0,16086,21.068009449210493
KANSAS,KS,HASKELL,20081.0,221.0,1045.0,1278,64.47574334898279
KANSAS,KS,HODGEMAN,20083.0,136.0,817.0,966,70.4968944099379
KANSAS,KS,JACKSON,20085.0,1799.0,4557.0,6474,42.601173926475134
KANSAS,KS,JEFFERSON,20087.0,3030.0,6694.0,9927,36.909438903999195
KANSAS,KS,JEWELL,20089.0,176.0,1370.0,1574,75.8576874205845
KANSAS,KS,JOHNSON,20091.0,183451.0,154247.0,343780,-8.494967711908778
KANSAS,KS,KEARNY,20093.0,192.0,1082.0,1301,68.40891621829363
KANSAS,KS,KINGMAN,20095.0,753.0,3119.0,3947,59.94426146440335
KANSAS,KS,KIOWA,20097.0,151.0,941.0,1107,71.36404697380307
KANSAS,KS,LABETTE,20099.0,2385.0,5410.0,7921,38.18962252240879
KANSAS,KS,LANE,20101.0,111.0,709.0,843,70.93712930011863
KANSAS,KS,LEAVENWORTH,20103.0,13732.0,22055.0,36547,22.773415054587243
KANSAS,KS,LINCOLN,20105.0,250.0,1233.0,1507,65.22893165228932
KANSAS,KS,LINN,20107.0,854.0,4093.0,5016,64.57336523125997
KANSAS,KS,LOGAN,20109.0,183.0,1186.0,1400,71.64285714285714
KANSAS,KS,LYON,20111.0,5515.0,7462.0,13256,14.687688593844298
KANSAS,KS,MARION,20115.0,1429.0,4312.0,5870,49.114139693356044
KANSAS,KS,MARSHALL,20117.0,1205.0,3644.0,4968,49.094202898550726
KANSAS,KS,MCPHERSON,20113.0,4021.0,9816.0,14104,41.08763471355644
KANSAS,KS,MEADE,20119.0,247.0,1427.0,1695,69.6165191740413
KANSAS,KS,MIAMI,20121.0,5472.0,12854.0,18685,39.50762643831951
KANSAS,KS,MITCHELL,20123.0,528.0,2608.0,3172,65.57377049180327
KANSAS,KS,MONTGOMERY,20125.0,2934.0,9287.0,12441,51.06502692709589
KANSAS,KS,MORRIS,20127.0,721.0,2021.0,2792,46.561604584527224
KANSAS,KS,MORTON,20129.0,131.0,909.0,1060,73.39622641509433
KANSAS,KS,NEMAHA,20131.0,888.0,4655.0,5620,67.02846975088967
KANSAS,KS,NEOSHO,20133.0,1696.0,4961.0,6784,48.127948113207545
KANSAS,KS,NESS,20135.0,129.0,1205.0,1363,78.9435069699193
KANSAS,KS,NORTON,20137.0,346.0,1882.0,2270,67.66519823788546
KANSAS,KS,OSAGE,20139.0,1946.0,5736.0,7892,48.02331474911303
KANSAS,KS,OSBORNE,20141.0,261.0,1477.0,1774,68.5456595264938
KANSAS,KS,OTTAWA,20143.0,476.0,2475.0,3003,66.56676656676656
KANSAS,KS,PAWNEE,20145.0,625.0,2003.0,2675,51.51401869158878
KANSAS,KS,PHILLIPS,20147.0,331.0,2356.0,2747,73.71678194393884
KANSAS,KS,POTTAWATOMIE,20149.0,3394.0,9811.0,13472,47.63212589073634
KANSAS,KS,PRATT,20151.0,954.0,3054.0,4082,51.44536991670749
KANSAS,KS,RAWLINS,20153.0,176.0,1194.0,1403,72.55880256593015
KANSAS,KS,RENO,20155.0,8554.0,17847.0,26940,34.495174461766894
KANSAS,KS,REPUBLIC,20157.0,396.0,2001.0,2443,65.69791240278346
KANSAS,KS,RICE,20159.0,825.0,3073.0,3966,56.68179525970751
KANSAS,KS,RILEY,20161.0,12063.0,11630.0,24313,-1.7809402377329
KANSAS,KS,ROOKS,20163.0,349.0,2153.0,2534,71.19179163378058
KANSAS,KS,RUSH,20165.0,264.0,1315.0,1606,65.44209215442092
KANSAS,KS,RUSSELL,20167.0,608.0,2632.0,3301,61.31475310511966
KANSAS,KS,SALINE,20169.0,7734.0,15069.0,23226,31.58098682510979
KANSAS,KS,SCOTT,20171.0,248.0,1843.0,2135,74.7072599531616
KANSAS,KS,SEDGWICK,20173.0,90506.0,120118.0,214152,13.82756173185401
KANSAS,KS,SEWARD,20175.0,1354.0,3133.0,4565,38.970427163198245
KANSAS,KS,SHAWNEE,20177.0,40308.0,39901.0,81819,-0.497439470049744
KANSAS,KS,SHERIDAN,20179.0,126.0,1229.0,1373,80.33503277494538
KANSAS,KS,SHERMAN,20181.0,379.0,2161.0,2593,68.72348630929426
KANSAS,KS,SMITH,20183.0,300.0,1675.0,2006,68.54436689930209
KANSAS,KS,STAFFORD,20185.0,326.0,1548.0,1909,64.01257202723939
KANSAS,KS,STANTON,20187.0,115.0,537.0,664,63.55421686746988
KANSAS,KS,STEVENS,20189.0,210.0,1595.0,1835,75.47683923705722
KANSAS,KS,SUMNER,20191.0,2527.0,7810.0,10549,50.08057635794862
KANSAS,KS,THOMAS,20193.0,597.0,3007.0,3664,65.77510917030568
KANSAS,KS,TREGO,20195.0,216.0,1343.0,1587,71.01449275362319
KANSAS,KS,WABAUNSEE,20197.0,944.0,2816.0,3836,48.800834202294055
KANSAS,KS,WALLACE,20199.0,52.0,686.0,748,84.75935828877004
KANSAS,KS,WASHINGTON,20201.0,396.0,2263.0,2700,69.14814814814815
KANSAS,KS,WICHITA,20203.0,107.0,740.0,860,73.6046511627907
KANSAS,KS,WILSON,20205.0,647.0,2894.0,3603,62.364696086594506
KANSAS,KS,WOODSON,20207.0,282.0,1205.0,1506,61.288180610889775
KANSAS,KS,WYANDOTTE,20209.0,30938.0,18867.0,50602,-23.85478834828663
KENTUCKY,KY,ADAIR,21001.0,1257.0,7643.0,8974,71.16113215957209
KENTUCKY,KY,ALLEN,21003.0,1505.0,7824.0,9418,67.09492461244425
KENTUCKY,KY,ANDERSON,21005.0,3226.0,9650.0,13095,49.05689194348988
KENTUCKY,KY,BALLARD,21007.0,697.0,3331.0,4088,64.43248532289628
KENTUCKY,KY,BARREN,21009.0,4565.0,15019.0,19802,52.79264720735279
KENTUCKY,KY,BATH,21011.0,1278.0,4041.0,5389,51.27110781221006
KENTUCKY,KY,BELL,21013.0,1419.0,7831.0,9340,68.6509635974304
KENTUCKY,KY,BOONE,21015.0,20601.0,45650.0,67421,37.15311253170377
KENTUCKY,KY,BOURBON,21017.0,3088.0,6284.0,9537,33.51158645276293
KENTUCKY,KY,BOYD,21019.0,6291.0,14363.0,20951,38.527993890506416
KENTUCKY,KY,BOYLE,21021.0,4990.0,9159.0,14373,29.005774716482293
KENTUCKY,KY,BRACKEN,21023.0,702.0,3399.0,4153,64.94100650132434
KENTUCKY,KY,BREATHITT,21025.0,1002.0,4036.0,5113,59.338939956972425
KENTUCKY,KY,BRECKINRIDGE,21027.0,2038.0,7882.0,10048,58.160828025477706
KENTUCKY,KY,BULLITT,21029.0,10280.0,32299.0,43209,50.95929088847231
KENTUCKY,KY,BUTLER,21031.0,965.0,4905.0,5943,66.296483257614
KENTUCKY,KY,CALDWELL,21033.0,1256.0,4860.0,6188,58.24175824175825
KENTUCKY,KY,CALLOWAY,21035.0,5111.0,11539.0,16945,37.934493951018
KENTUCKY,KY,CAMPBELL,21037.0,18952.0,28450.0,48334,19.650763437745685
KENTUCKY,KY,CARLISLE,21039.0,408.0,2182.0,2610,67.96934865900384
KENTUCKY,KY,CARROLL,21041.0,963.0,3014.0,4025,50.95652173913044
KENTUCKY,KY,CARTER,21043.0,2305.0,8981.0,11422,58.448607949571006
KENTUCKY,KY,CASEY,21045.0,804.0,6216.0,7080,76.4406779661017
KENTUCKY,KY,CHRISTIAN,21047.0,7055.0,14332.0,21671,33.57943795856214
KENTUCKY,KY,CLARK,21049.0,5639.0,11950.0,17885,35.28655297735532
KENTUCKY,KY,CLAY,21051.0,692.0,6729.0,7517,80.31129439936144
KENTUCKY,KY,CLINTON,21053.0,549.0,4276.0,4880,76.37295081967214
KENTUCKY,KY,CRITTENDEN,21055.0,608.0,3349.0,4010,68.35411471321696
KENTUCKY,KY,CUMBERLAND,21057.0,483.0,2922.0,3442,70.85996513654852
KENTUCKY,KY,DAVIESS,21059.0,15673.0,30705.0,47097,31.917107246746077
KENTUCKY,KY,EDMONSON,21061.0,1118.0,5048.0,6247,62.91019689450936
KENTUCKY,KY,ELLIOTT,21063.0,532.0,2335.0,2911,61.93747852971487
KENTUCKY,KY,ESTILL,21065.0,1114.0,5091.0,6290,63.227344992050874
KENTUCKY,KY,FAYETTE,21067.0,83387.0,57347.0,143935,-18.091499635252024
KENTUCKY,KY,FLEMING,21069.0,1334.0,5578.0,7000,60.62857142857143
KENTUCKY,KY,FLOYD,21071.0,3061.0,12326.0,15652,59.19371326348071
KENTUCKY,KY,FRANKLIN,21073.0,11996.0,13246.0,25763,4.851919419322284
KENTUCKY,KY,FULTON,21075.0,636.0,1491.0,2145,39.86013986013986
KENTUCKY,KY,GALLATIN,21077.0,761.0,3109.0,3917,59.94383456727087
KENTUCKY,KY,GARRARD,21079.0,1719.0,7086.0,8917,60.18840417180667
KENTUCKY,KY,GRANT,21081.0,1944.0,9372.0,11469,64.76589066178394
KENTUCKY,KY,GRAVES,21083.0,3105.0,13378.0,16678,61.59611464204341
KENTUCKY,KY,GRAYSON,21085.0,2235.0,9710.0,12095,61.80239768499381
KENTUCKY,KY,GREEN,21087.0,782.0,5033.0,5857,72.5798190199761
KENTUCKY,KY,GREENUP,21089.0,4181.0,12961.0,17374,50.535282606193164
KENTUCKY,KY,HANCOCK,21091.0,1173.0,3375.0,4633,47.52859917979711
KENTUCKY,KY,HARDIN,21093.0,16572.0,30672.0,48082,29.324903290212557
KENTUCKY,KY,HARLAN,21095.0,1199.0,9109.0,10388,76.1455525606469
KENTUCKY,KY,HARRISON,21097.0,2265.0,6639.0,9018,48.50299401197605
KENTUCKY,KY,HART,21099.0,1642.0,6691.0,8409,60.04281127363539
KENTUCKY,KY,HENDERSON,21101.0,6837.0,12592.0,19688,29.231003657049982
KENTUCKY,KY,HENRY,21103.0,1857.0,6093.0,8074,52.46470151102304
KENTUCKY,KY,HICKMAN,21105.0,394.0,1656.0,2069,60.9956500724988
KENTUCKY,KY,HOPKINS,21107.0,4916.0,15361.0,20537,50.859424453425525
KENTUCKY,KY,JACKSON,21109.0,506.0,5358.0,5934,81.76609369733738
KENTUCKY,KY,JEFFERSON,21111.0,203070.0,144553.0,354094,-16.52583777189108
KENTUCKY,KY,JESSAMINE,21113.0,8303.0,17854.0,26685,35.79164324526888
KENTUCKY,KY,JOHNSON,21115.0,1350.0,8150.0,9622,70.6713780918728
KENTUCKY,KY,KENTON,21117.0,30859.0,48444.0,80948,21.72382270099323
KENTUCKY,KY,KNOTT,21119.0,1181.0,4732.0,6003,59.15375645510578
KENTUCKY,KY,KNOX,21121.0,1821.0,11178.0,13156,71.12344177561569
KENTUCKY,KY,LARUE,21123.0,1389.0,5773.0,7259,60.393993663038984
KENTUCKY,KY,LAUREL,21125.0,4037.0,23516.0,27887,69.8497507799333
KENTUCKY,KY,LAWRENCE,21127.0,1044.0,5464.0,6574,67.23456038941283
KENTUCKY,KY,LEE,21129.0,406.0,2227.0,2690,67.69516728624535
KENTUCKY,KY,LESLIE,21131.0,382.0,3908.0,4357,80.92724351618085
KENTUCKY,KY,LETCHER,21133.0,1457.0,6848.0,8431,63.94259281224054
KENTUCKY,KY,LEWIS,21135.0,666.0,4997.0,5721,75.70354833071141
KENTUCKY,KY,LINCOLN,21137.0,2080.0,8833.0,11034,61.20174007612833
KENTUCKY,KY,LIVINGSTON,21139.0,886.0,4021.0,4972,63.05309734513275
KENTUCKY,KY,LOGAN,21141.0,2734.0,9620.0,12511,55.03956518263928
KENTUCKY,KY,LYON,21143.0,950.0,3187.0,4187,53.42727489849535
KENTUCKY,KY,MADISON,21151.0,15180.0,29130.0,45188,30.871027706470745
KENTUCKY,KY,MAGOFFIN,21153.0,909.0,4288.0,5274,64.06901782328404
KENTUCKY,KY,MARION,21155.0,2513.0,6473.0,9102,43.50692155570204
KENTUCKY,KY,MARSHALL,21157.0,3700.0,13677.0,17602,56.68105897057153
KENTUCKY,KY,MARTIN,21159.0,287.0,3343.0,3655,83.61149110807114
KENTUCKY,KY,MASON,21161.0,2170.0,5621.0,7901,43.6780154410834
KENTUCKY,KY,MCCRACKEN,21145.0,10191.0,21349.0,31947,34.9265971765737
KENTUCKY,KY,MCCREARY,21147.0,641.0,5531.0,6212,78.71860914359304
KENTUCKY,KY,MCLEAN,21149.0,989.0,3578.0,4634,55.86965904186448
KENTUCKY,KY,MEADE,21163.0,3279.0,10630.0,14123,52.049847766055365
KENTUCKY,KY,MENIFEE,21165.0,664.0,2563.0,3294,57.650273224043715
KENTUCKY,KY,MERCER,21167.0,2838.0,8826.0,11851,50.52738165555649
KENTUCKY,KY,METCALFE,21169.0,884.0,4197.0,5127,64.6186853910669
KENTUCKY,KY,MONROE,21171.0,576.0,4679.0,5308,77.29841748304446
KENTUCKY,KY,MONTGOMERY,21173.0,3329.0,9302.0,12821,46.58762967007254
KENTUCKY,KY,MORGAN,21175.0,939.0,4353.0,5373,63.53992183137912
KENTUCKY,KY,MUHLENBERG,21177.0,3048.0,10491.0,13692,54.360210341805434
KENTUCKY,KY,NELSON,21179.0,6515.0,16052.0,22852,41.73376509714686
KENTUCKY,KY,NICHOLAS,21181.0,824.0,2451.0,3319,49.020789394395905
KENTUCKY,KY,OHIO,21183.0,2094.0,8679.0,10937,60.208466672762185
KENTUCKY,KY,OLDHAM,21185.0,14402.0,23025.0,38210,22.567390735409578
KENTUCKY,KY,OWEN,21187.0,988.0,4434.0,5500,62.65454545454545
KENTUCKY,KY,OWSLEY,21189.0,203.0,1625.0,1839,77.32463295269169
KENTUCKY,KY,PENDLETON,21191.0,1210.0,5593.0,6900,63.52173913043478
KENTUCKY,KY,PERRY,21193.0,1966.0,7913.0,9992,59.51761409127302
KENTUCKY,KY,PIKE,21195.0,4025.0,19684.0,23950,65.38204592901879
KENTUCKY,KY,POWELL,21197.0,1174.0,4092.0,5360,54.44029850746268
KENTUCKY,KY,PULASKI,21199.0,5351.0,26051.0,31735,65.22766661414842
KENTUCKY,KY,ROBERTSON,21201.0,215.0,915.0,1144,61.18881118881119
KENTUCKY,KY,ROCKCASTLE,21203.0,986.0,6635.0,7724,73.13568099430347
KENTUCKY,KY,ROWAN,21205.0,3484.0,6224.0,9873,27.752456193659476
KENTUCKY,KY,RUSSELL,21207.0,1200.0,7622.0,8893,72.21410097829754
KENTUCKY,KY,SCOTT,21209.0,10501.0,18747.0,29769,27.69995633041083
KENTUCKY,KY,SHELBY,21211.0,7822.0,16356.0,24620,34.66287571080422
KENTUCKY,KY,SIMPSON,21213.0,2403.0,6253.0,8776,43.86964448495898
KENTUCKY,KY,SPENCER,21215.0,2415.0,8927.0,11480,56.724738675958186
KENTUCKY,KY,TAYLOR,21217.0,2576.0,9523.0,12261,56.65932631922356
KENTUCKY,KY,TODD,21219.0,1051.0,4009.0,5112,57.863849765258216
KENTUCKY,KY,TRIGG,21221.0,1667.0,5436.0,7196,52.3763201778766
KENTUCKY,KY,TRIMBLE,21223.0,923.0,3283.0,4249,55.542480583666745
KENTUCKY,KY,UNION,21225.0,1225.0,4758.0,6058,58.31957741828987
KENTUCKY,KY,WARREN,21227.0,21065.0,34862.0,56891,24.251639099330298
KENTUCKY,KY,WASHINGTON,21229.0,1533.0,4720.0,6341,50.26021132313515
KENTUCKY,KY,WAYNE,21231.0,1444.0,7203.0,8733,65.94526508645369
KENTUCKY,KY,WEBSTER,21233.0,1153.0,4339.0,5556,57.34341252699784
KENTUCKY,KY,WHITLEY,21235.0,2237.0,12687.0,15075,69.32006633499171
KENTUCKY,KY,WOLFE,21237.0,689.0,2163.0,2915,50.56603773584906
KENTUCKY,KY,WOODFORD,21239.0,6282.0,8419.0,14993,14.253318215167077
LOUISIANA,LA,ACADIA,22001.0,6262.0,29853.0,26720,88.28967065868264
LOUISIANA,LA,ALLEN,22003.0,2282.0,9437.0,8751,81.76208433321906
LOUISIANA,LA,ASCENSION,22005.0,31189.0,64821.0,62473,53.834456485201606
LOUISIANA,LA,ASSUMPTION,22007.0,4597.0,9328.0,10367,45.635188579145364
LOUISIANA,LA,AVOYELLES,22009.0,5946.0,14970.0,16037,56.269875911953605
LOUISIANA,LA,BEAUREGARD,22011.0,3450.0,19178.0,15874,99.08025702406451
LOUISIANA,LA,BIENVILLE,22013.0,3498.0,4764.0,6256,20.236572890025574
LOUISIANA,LA,BOSSIER,22015.0,21400.0,57285.0,52232,68.7030938888038
LOUISIANA,LA,CADDO,22017.0,68944.0,64413.0,94699,-4.7846334174595295
LOUISIANA,LA,CALCASIEU,22019.0,34522.0,83495.0,81201,60.31083361042352
LOUISIANA,LA,CALDWELL,22021.0,817.0,5546.0,4334,109.11398246423627
LOUISIANA,LA,CAMERON,22023.0,325.0,4548.0,3362,125.60975609756098
LOUISIANA,LA,CATAHOULA,22025.0,1376.0,4678.0,4348,75.94296228150874
LOUISIANA,LA,CLAIBORNE,22027.0,3268.0,5504.0,5816,38.44566712517194
LOUISIANA,LA,CONCORDIA,22029.0,3595.0,7418.0,7755,49.29722759509993
LOUISIANA,LA,DE SOTO,22031.0,6714.0,14670.0,13913,57.183928699777184
LOUISIANA,LA,EAST BATON ROUGE,22033.0,153469.0,125698.0,190643,-14.56701793404426
LOUISIANA,LA,EAST CARROLL,22035.0,1839.0,1434.0,2306,-17.56287944492628
LOUISIANA,LA,EAST FELICIANA,22037.0,5819.0,9108.0,9947,33.0652458027546
LOUISIANA,LA,EVANGELINE,22039.0,4615.0,13976.0,14176,66.03414221218962
LOUISIANA,LA,FRANKLIN,22041.0,3021.0,10180.0,8798,81.37076608320073
LOUISIANA,LA,GRANT,22043.0,1407.0,10346.0,9018,99.12397427367488
LOUISIANA,LA,IBERIA,22045.0,13698.0,29016.0,29331,52.224608775698066
LOUISIANA,LA,IBERVILLE,22047.0,9747.0,10648.0,15354,5.868177673570405
LOUISIANA,LA,JACKSON,22049.0,2594.0,7760.0,7226,71.49183504013286
LOUISIANA,LA,JEFFERSON,22051.0,115560.0,147543.0,178205,17.947307875761062
LOUISIANA,LA,JEFFERSON DAVIS,22053.0,4011.0,17160.0,14358,91.57960718763059
LOUISIANA,LA,LA SALLE,22059.0,790.0,8944.0,6620,123.17220543806646
LOUISIANA,LA,LAFAYETTE,22055.0,54750.0,109002.0,111086,48.83783735124138
LOUISIANA,LA,LAFOURCHE,22057.0,11265.0,51282.0,42845,93.3994631812347
LOUISIANA,LA,LINCOLN,22061.0,9831.0,16678.0,18157,37.70997411466652
LOUISIANA,LA,LIVINGSTON,22063.0,14841.0,82578.0,65906,102.77819925348224
LOUISIANA,LA,MADISON,22065.0,2945.0,2646.0,3992,-7.4899799599198404
LOUISIANA,LA,MOREHOUSE,22067.0,6224.0,9921.0,10097,36.6148360899277
LOUISIANA,LA,NATCHITOCHES,22069.0,8410.0,13126.0,15040,31.356382978723403
LOUISIANA,LA,ORLEANS,22071.0,198085.0,34685.0,159130,-102.6833406648652
LOUISIANA,LA,OUACHITA,22073.0,34169.0,63705.0,64436,45.83773046123285
LOUISIANA,LA,PLAQUEMINES,22075.0,4545.0,11144.0,9945,66.35495223730517
LOUISIANA,LA,POINTE COUPEE,22077.0,6016.0,10492.0,11570,38.68625756266206
LOUISIANA,LA,RAPIDES,22079.0,23953.0,51177.0,53395,50.98604738271374
LOUISIANA,LA,RED RIVER,22081.0,1873.0,3282.0,3725,37.8255033557047
LOUISIANA,LA,RICHLAND,22083.0,3758.0,9422.0,9193,61.61209616012183
LOUISIANA,LA,SABINE,22085.0,1959.0,12055.0,10170,99.27236971484758
LOUISIANA,LA,ST BERNARD,22087.0,8756.0,16482.0,17292,44.679620633819106
LOUISIANA,LA,ST CHARLES,22089.0,12966.0,25973.0,26685,48.742739366685406
LOUISIANA,LA,ST HELENA,22091.0,4050.0,4031.0,5745,-0.3307223672758921
LOUISIANA,LA,ST JAMES,22093.0,8364.0,9170.0,11789,6.8368818390024595
LOUISIANA,LA,ST JOHN THE BAPTIST,22095.0,18502.0,10007.0,18827,-45.12136824772933
LOUISIANA,LA,ST LANDRY,22097.0,21040.0,30405.0,37043,25.28142968981994
LOUISIANA,LA,ST MARTIN,22099.0,10442.0,26985.0,25006,66.15612253059265
LOUISIANA,LA,ST MARY,22101.0,9840.0,20220.0,20897,49.672201751447574
LOUISIANA,LA,ST TAMMANY,22103.0,59972.0,155052.0,138384,68.70736501329634
LOUISIANA,LA,TANGIPAHOA,22105.0,23508.0,53309.0,55104,54.08137340301974
LOUISIANA,LA,TENSAS,22107.0,1477.0,1730.0,2128,11.889097744360901
LOUISIANA,LA,TERREBONNE,22109.0,13579.0,44791.0,41327,75.52447552447552
LOUISIANA,LA,UNION,22111.0,3099.0,11894.0,10475,83.9618138424821
LOUISIANA,LA,VERMILION,22113.0,6412.0,30442.0,26429,90.92284989973135
LOUISIANA,LA,VERNON,22115.0,3857.0,19078.0,16149,94.25351414948294
LOUISIANA,LA,WASHINGTON,22117.0,7896.0,19001.0,18455,60.17339474397182
LOUISIANA,LA,WEBSTER,22119.0,7410.0,16337.0,16205,55.08793582227708
LOUISIANA,LA,WEST BATON ROUGE,22121.0,9086.0,12164.0,13836,22.246313963573286
LOUISIANA,LA,WEST CARROLL,22123.0,802.0,6272.0,4603,118.83554203780145
LOUISIANA,LA,WEST FELICIANA,22125.0,3084.0,6211.0,6008,52.04727030625832
LOUISIANA,LA,WINN,22127.0,1782.0,6672.0,5781,84.58744161909704
MASSACHUSETTS,MA,BARNSTABLE,25001.0,88129.0,57451.0,148785,-20.619014013509425
MASSACHUSETTS,MA,BERKSHIRE,25003.0,47094.0,19805.0,68674,-39.737018376678215
MASSACHUSETTS,MA,BRISTOL,25005.0,137786.0,134196.0,278017,-1.2912879428236403
MASSACHUSETTS,MA,DUKES,25007.0,9137.0,2745.0,12209,-52.35482021459579
MASSACHUSETTS,MA,ESSEX,25009.0,236624.0,155336.0,401851,-20.228393110879406
MASSACHUSETTS,MA,FRANKLIN,25011.0,28305.0,12428.0,42248,-37.58047718235183
MASSACHUSETTS,MA,HAMPDEN,25013.0,110937.0,92474.0,208604,-8.850741117140611
MASSACHUSETTS,MA,HAMPSHIRE,25015.0,58617.0,23256.0,84720,-41.73866855524079
MASSACHUSETTS,MA,MIDDLESEX,25017.0,554471.0,235118.0,814832,-39.19249612189997
MASSACHUSETTS,MA,NANTUCKET,25019.0,4784.0,2171.0,7118,-36.709749929755546
MASSACHUSETTS,MA,NORFOLK,25021.0,242712.0,132497.0,386447,-28.520081667085005
MASSACHUSETTS,MA,PLYMOUTH,25023.0,159962.0,133544.0,300129,-8.802215047529563
MASSACHUSETTS,MA,SUFFOLK,25025.0,222280.0,66480.0,299193,-52.07341080840795
MASSACHUSETTS,MA,WORCESTER,25027.0,225680.0,183802.0,420841,-9.951026634762297
MARYLAND,MD,ALLEGANY,24001.0,9231.0,22141.0,32137,40.171764632666395
MARYLAND,MD,ANNE ARUNDEL,24003.0,171945.0,128892.0,311572,-13.817993914729179
MARYLAND,MD,BALTIMORE,24005.0,249958.0,149560.0,412915,-24.314447283339184
MARYLAND,MD,BALTIMORE CITY,24510.0,195109.0,27984.0,230754,-72.4256134238193
MARYLAND,MD,CALVERT,24009.0,23438.0,29361.0,54191,10.929859201712462
MARYLAND,MD,CAROLINE,24011.0,4860.0,11053.0,16330,37.92406613594611
MARYLAND,MD,CARROLL,24013.0,36867.0,62273.0,102651,24.749880663607758
MARYLAND,MD,CECIL,24015.0,17628.0,33871.0,52831,30.745206412901517
MARYLAND,MD,CHARLES,24017.0,63454.0,26145.0,92097,-40.51054866065127
MARYLAND,MD,DORCHESTER,24019.0,6954.0,9390.0,16772,14.524207011686144
MARYLAND,MD,FREDERICK,24021.0,82409.0,68753.0,156114,-8.747453783773397
MARYLAND,MD,GARRETT,24023.0,3456.0,11983.0,15838,53.83886854400808
MARYLAND,MD,HARFORD,24025.0,62453.0,83050.0,150090,13.723099473649144
MARYLAND,MD,HOWARD,24027.0,124764.0,49425.0,182291,-41.328974003104925
MARYLAND,MD,KENT,24029.0,5251.0,5561.0,11128,2.785765636232926
MARYLAND,MD,MONTGOMERY,24031.0,386581.0,112637.0,519221,-52.76057786568725
MARYLAND,MD,PRINCE GEORGE'S,24033.0,347038.0,45008.0,404009,-74.75823558386075
MARYLAND,MD,QUEEN ANNE'S,24035.0,11273.0,20200.0,32347,27.597613379911586
MARYLAND,MD,SOMERSET,24039.0,4054.0,5805.0,10137,17.273355036006706
MARYLAND,MD,ST MARY'S,24037.0,23531.0,33582.0,58954,17.048885571801744
MARYLAND,MD,TALBOT,24041.0,11119.0,11125.0,22830,0.026281208935611037
MARYLAND,MD,WASHINGTON,24043.0,27260.0,44054.0,73332,22.901325478645067
MARYLAND,MD,WICOMICO,24045.0,21513.0,24065.0,46912,5.439972714870396
MARYLAND,MD,WORCESTER,24047.0,12431.0,19632.0,32881,21.900185517472096
MAINE,ME,ANDROSCOGGIN,23001.0,27019.0,30605.0,58847,6.093768586334053
MAINE,ME,AROOSTOOK,23003.0,12900.0,22246.0,35653,26.213782851372958
MAINE,ME,CUMBERLAND,23005.0,127971.0,59964.0,192656,-35.29970517398887
MAINE,ME,FRANKLIN,23007.0,7990.0,9459.0,17836,8.236151603498543
MAINE,ME,HANCOCK,23009.0,19817.0,15551.0,36253,-11.76730201638485
MAINE,ME,KENNEBEC,23011.0,34585.0,36589.0,72886,2.749499217956809
MAINE,ME,KNOX,23013.0,15076.0,10262.0,25893,-18.59189742401421
MAINE,ME,LINCOLN,23015.0,13110.0,10409.0,24003,-11.25276007165771
MAINE,ME,OXFORD,23017.0,14765.0,19228.0,34590,12.902572997976295
MAINE,ME,PENOBSCOT,23019.0,37945.0,47438.0,87073,10.90234630712161
MAINE,ME,PISCATAQUIS,23021.0,3510.0,6487.0,10205,29.17197452229299
MAINE,ME,SAGADAHOC,23023.0,13982.0,9917.0,24456,-16.621687929342492
MAINE,ME,SOMERSET,23025.0,10134.0,17826.0,28441,27.045462536479025
MAINE,ME,WALDO,23027.0,12661.0,11815.0,25130,-3.3664942300039793
MAINE,ME,WASHINGTON,23029.0,6763.0,11001.0,18046,23.484428682256457
MAINE,ME,YORK,23031.0,72114.0,58194.0,132838,-10.478929222059953
MICHIGAN,MI,ALCONA,26001.0,2140.0,5257.0,7483,41.65441667780302
MICHIGAN,MI,ALGER,26003.0,2075.0,3116.0,5258,19.798402434385697
MICHIGAN,MI,ALLEGAN,26005.0,25637.0,45206.0,71913,27.21204789120187
MICHIGAN,MI,ALPENA,26007.0,6038.0,10967.0,17213,28.63533375936792
MICHIGAN,MI,ANTRIM,26009.0,6330.0,10341.0,16883,23.757626014333947
MICHIGAN,MI,ARENAC,26011.0,2662.0,6379.0,9158,40.58746451190216
MICHIGAN,MI,BARAGA,26013.0,1488.0,2779.0,4332,29.801477377654663
MICHIGAN,MI,BARRY,26015.0,12391.0,25650.0,38625,34.32750809061489
MICHIGAN,MI,BAY,26017.0,25767.0,34792.0,61338,14.7135544034693
MICHIGAN,MI,BENZIE,26019.0,5780.0,6895.0,12846,8.67974466760081
MICHIGAN,MI,BERRIEN,26021.0,38323.0,44975.0,84488,7.873307451945838
MICHIGAN,MI,BRANCH,26023.0,5911.0,14848.0,21089,42.37754279482194
MICHIGAN,MI,CALHOUN,26025.0,28988.0,38606.0,68505,14.039851105758705
MICHIGAN,MI,CASS,26027.0,9050.0,18505.0,27871,33.924150550751676
MICHIGAN,MI,CHARLEVOIX,26029.0,7197.0,10183.0,17661,16.907309891852105
MICHIGAN,MI,CHEBOYGAN,26031.0,5543.0,10653.0,16423,31.11489983559642
MICHIGAN,MI,CHIPPEWA,26033.0,6796.0,11249.0,18365,24.247209365641165
MICHIGAN,MI,CLARE,26035.0,5273.0,11772.0,17288,37.5925497454882
MICHIGAN,MI,CLINTON,26037.0,22450.0,26751.0,49986,8.604409234585685
MICHIGAN,MI,CRAWFORD,26039.0,2752.0,5613.0,8476,33.754129306276546
MICHIGAN,MI,DELTA,26041.0,7462.0,14109.0,21874,30.387674865136695
MICHIGAN,MI,DICKINSON,26043.0,4763.0,10324.0,15312,36.317920585161964
MICHIGAN,MI,EATON,26045.0,31056.0,33102.0,65208,3.137651821862348
MICHIGAN,MI,EMMET,26047.0,10005.0,12465.0,22851,10.765393199422345
MICHIGAN,MI,GENESEE,26049.0,114670.0,105303.0,223268,-4.195406417399717
MICHIGAN,MI,GLADWIN,26051.0,4501.0,10809.0,15488,40.72830578512397
MICHIGAN,MI,GOGEBIC,26053.0,3385.0,4803.0,8295,17.094635322483423
MICHIGAN,MI,GRAND TRAVERSE,26055.0,30339.0,31423.0,62772,1.7268845982285095
MICHIGAN,MI,GRATIOT,26057.0,6682.0,12894.0,19848,31.297863764611044
MICHIGAN,MI,HILLSDALE,26059.0,5875.0,18631.0,24828,51.3774770420493
MICHIGAN,MI,HOUGHTON,26061.0,7881.0,11181.0,19374,17.033137194177765
MICHIGAN,MI,HURON,26063.0,5522.0,13224.0,18969,40.603089250883016
MICHIGAN,MI,INGHAM,26065.0,94542.0,50564.0,148101,-29.694600306547557
MICHIGAN,MI,IONIA,26067.0,11338.0,22179.0,34021,31.865612415860795
MICHIGAN,MI,IOSCO,26069.0,5344.0,10155.0,15731,30.582925433856715
MICHIGAN,MI,IRON,26071.0,2441.0,4501.0,7027,29.315497367297567
MICHIGAN,MI,ISABELLA,26073.0,14011.0,16320.0,30835,7.48824387870926
MICHIGAN,MI,JACKSON,26075.0,32348.0,50199.0,83827,21.295048134849154
MICHIGAN,MI,KALAMAZOO,26077.0,84501.0,58671.0,145710,-17.726991970352067
MICHIGAN,MI,KALKASKA,26079.0,3206.0,8149.0,11529,42.87449041547402
MICHIGAN,MI,KENT,26081.0,192668.0,172720.0,371947,-5.363129693208979
MICHIGAN,MI,KEWEENAW,26083.0,690.0,896.0,1611,12.787088764742396
MICHIGAN,MI,LAKE,26085.0,2298.0,4523.0,6915,32.176428054953
MICHIGAN,MI,LAPEER,26087.0,16338.0,38398.0,55439,39.791482530348674
MICHIGAN,MI,LEELANAU,26089.0,9406.0,8035.0,17685,-7.752332485156913
MICHIGAN,MI,LENAWEE,26091.0,20787.0,33463.0,55016,23.040570015995346
MICHIGAN,MI,LIVINGSTON,26093.0,49503.0,81217.0,132448,23.944491423049048
MICHIGAN,MI,LUCE,26095.0,769.0,2170.0,2985,46.934673366834176
MICHIGAN,MI,MACKINAC,26097.0,2675.0,4476.0,7238,24.882564244266373
MICHIGAN,MI,MACOMB,26099.0,214977.0,284660.0,509152,13.686089812079693
MICHIGAN,MI,MANISTEE,26101.0,6309.0,8748.0,15297,15.944302804471466
MICHIGAN,MI,MARQUETTE,26103.0,20866.0,17459.0,39009,-8.733881924684047
MICHIGAN,MI,MASON,26105.0,6973.0,10830.0,18064,21.351860053144375
MICHIGAN,MI,MECOSTA,26107.0,7688.0,14445.0,22489,30.0458001689715
MICHIGAN,MI,MENOMINEE,26109.0,4256.0,8647.0,13060,33.62174578866769
MICHIGAN,MI,MIDLAND,26111.0,20926.0,28571.0,50301,15.198504999900598
MICHIGAN,MI,MISSAUKEE,26113.0,1945.0,7066.0,9152,55.95498251748252
MICHIGAN,MI,MONROE,26115.0,32622.0,57405.0,91356,27.127939051622224
MICHIGAN,MI,MONTCALM,26117.0,10368.0,23946.0,34845,38.966853207059835
MICHIGAN,MI,MONTMORENCY,26119.0,1702.0,4599.0,6391,45.32936942575497
MICHIGAN,MI,MUSKEGON,26121.0,46028.0,47733.0,95181,1.791323898677257
MICHIGAN,MI,NEWAYGO,26123.0,8131.0,20630.0,29201,42.80332865312832
MICHIGAN,MI,OAKLAND,26125.0,419519.0,337791.0,772145,-10.584540468435332
MICHIGAN,MI,OCEANA,26127.0,5085.0,9547.0,14870,30.00672494956288
MICHIGAN,MI,OGEMAW,26129.0,3578.0,8879.0,12622,41.9980985580732
MICHIGAN,MI,ONTONAGON,26131.0,1313.0,2479.0,3841,30.356677948450923
MICHIGAN,MI,OSCEOLA,26133.0,3326.0,9639.0,13184,47.88379854368932
MICHIGAN,MI,OSCODA,26135.0,1414.0,3716.0,5192,44.33744221879815
MICHIGAN,MI,OTSEGO,26137.0,5052.0,10693.0,15971,35.32026798572412
MICHIGAN,MI,OTTAWA,26139.0,69653.0,106133.0,178507,20.436173371352385
MICHIGAN,MI,PRESQUE ISLE,26141.0,3036.0,5568.0,8742,28.963623884694577
MICHIGAN,MI,ROSCOMMON,26143.0,5290.0,10582.0,16068,32.935026138909635
MICHIGAN,MI,SAGINAW,26145.0,49515.0,52912.0,103846,3.2711900313926394
MICHIGAN,MI,SANILAC,26151.0,5957.0,17080.0,23339,47.6584258108745
MICHIGAN,MI,SCHOOLCRAFT,26153.0,1631.0,3196.0,4898,31.951817068191097
MICHIGAN,MI,SHIAWASSEE,26155.0,15335.0,24718.0,40685,23.0625537667445
MICHIGAN,MI,ST CLAIR,26147.0,30844.0,64277.0,96524,34.63698147610957
MICHIGAN,MI,ST JOSEPH,26149.0,9452.0,19403.0,29307,33.954345378237285
MICHIGAN,MI,TUSCOLA,26157.0,8562.0,21764.0,30717,42.97945762932578
MICHIGAN,MI,VAN BUREN,26159.0,17175.0,23407.0,41169,15.137603536641647
MICHIGAN,MI,WASHTENAW,26161.0,157152.0,58844.0,221542,-44.37443013062986
MICHIGAN,MI,WAYNE,26163.0,537032.0,288860.0,856690,-28.96870513254503
MICHIGAN,MI,WEXFORD,26165.0,6224.0,12968.0,19476,34.62723351817621
MINNESOTA,MN,AITKIN,27001.0,3524.0,6741.0,10446,30.79647712042887
MINNESOTA,MN,ANOKA,27003.0,97667.0,106974.0,210481,4.421776787453499
MINNESOTA,MN,BECKER,27005.0,6435.0,12961.0,19739,33.06145194792036
MINNESOTA,MN,BELTRAMI,27007.0,11493.0,12898.0,24874,5.648468280131865
MINNESOTA,MN,BENTON,27009.0,7084.0,15260.0,22824,35.82194181563267
MINNESOTA,MN,BIG STONE,27011.0,964.0,1796.0,2824,29.461756373937675
MINNESOTA,MN,BLUE EARTH,27013.0,17558.0,18001.0,36442,1.2156303166675815
MINNESOTA,MN,BROWN,27015.0,4576.0,9692.0,14598,35.04589669817783
MINNESOTA,MN,CARLTON,27017.0,9905.0,10435.0,20815,2.5462406918087916
MINNESOTA,MN,CARVER,27019.0,31869.0,35586.0,69160,5.374493927125505
MINNESOTA,MN,CASS,27021.0,6300.0,12759.0,19363,33.35743428187781
MINNESOTA,MN,CHIPPEWA,27023.0,2026.0,4175.0,6318,34.0139284583729
MINNESOTA,MN,CHISAGO,27025.0,11894.0,23047.0,35601,31.32777169180641
MINNESOTA,MN,CLAY,27027.0,16121.0,15965.0,32874,-0.4745391494798321
MINNESOTA,MN,CLEARWATER,27029.0,1169.0,3575.0,4814,49.97922725384296
MINNESOTA,MN,COOK,27031.0,2416.0,1142.0,3660,-34.80874316939891
MINNESOTA,MN,COTTONWOOD,27033.0,1705.0,4157.0,5988,40.94856379425518
MINNESOTA,MN,CROW WING,27035.0,14173.0,27423.0,42366,31.27507907284143
MINNESOTA,MN,DAKOTA,27037.0,143267.0,109995.0,259805,-12.806527972902753
MINNESOTA,MN,DODGE,27039.0,4108.0,8095.0,12484,31.93687920538289
MINNESOTA,MN,DOUGLAS,27041.0,7938.0,16726.0,25106,35.003584800446106
MINNESOTA,MN,FARIBAULT,27043.0,2352.0,5247.0,7761,37.301894085813686
MINNESOTA,MN,FILLMORE,27045.0,4491.0,7638.0,12385,25.409769882922888
MINNESOTA,MN,FREEBORN,27047.0,6448.0,10003.0,16704,21.282327586206897
MINNESOTA,MN,GOODHUE,27049.0,11731.0,16461.0,28817,16.41392233750911
MINNESOTA,MN,GRANT,27051.0,1187.0,2266.0,3543,30.454417160598364
MINNESOTA,MN,HENNEPIN,27053.0,502710.0,197244.0,720173,-42.41564179717929
MINNESOTA,MN,HOUSTON,27055.0,4667.0,6547.0,11428,16.450822541127057
MINNESOTA,MN,HUBBARD,27057.0,4536.0,8809.0,13617,31.379892781082468
MINNESOTA,MN,ISANTI,27059.0,7384.0,18027.0,25918,41.0641253183116
MINNESOTA,MN,ITASCA,27061.0,10467.0,15863.0,26840,20.104321907600596
MINNESOTA,MN,JACKSON,27063.0,1581.0,3949.0,5644,41.956059532246634
MINNESOTA,MN,KANABEC,27065.0,2718.0,6818.0,9703,42.25497268885911
MINNESOTA,MN,KANDIYOHI,27067.0,7814.0,15014.0,23283,30.923850019327404
MINNESOTA,MN,KITTSON,27069.0,911.0,1535.0,2500,24.959999999999997
MINNESOTA,MN,KOOCHICHING,27071.0,2465.0,4204.0,6789,25.61496538518191
MINNESOTA,MN,LAC QUI PARLE,27073.0,1314.0,2600.0,3996,32.18218218218218
MINNESOTA,MN,LAKE,27075.0,3534.0,3265.0,6954,-3.8682772505033074
MINNESOTA,MN,LAKE OF THE WOODS,27077.0,604.0,1710.0,2347,47.12398806987644
MINNESOTA,MN,LE SUEUR,27079.0,5636.0,11503.0,17469,33.585208082889686
MINNESOTA,MN,LINCOLN,27081.0,972.0,2190.0,3235,37.65069551777434
MINNESOTA,MN,LYON,27083.0,4284.0,8400.0,12990,31.685912240184756
MINNESOTA,MN,MAHNOMEN,27087.0,975.0,1165.0,2183,8.703618873110399
MINNESOTA,MN,MARSHALL,27089.0,1177.0,3774.0,5031,51.61995627111906
MINNESOTA,MN,MARTIN,27091.0,3171.0,7442.0,10796,39.56094849944424
MINNESOTA,MN,MCLEOD,27085.0,6374.0,14394.0,21199,37.831973206283315
MINNESOTA,MN,MEEKER,27093.0,3802.0,9645.0,13694,42.66832189279977
MINNESOTA,MN,MILLE LACS,27095.0,4374.0,10570.0,15190,40.78999341672153
MINNESOTA,MN,MORRISON,27097.0,4306.0,15666.0,20313,55.924777236252645
MINNESOTA,MN,MOWER,27099.0,8312.0,10297.0,18969,10.464441984290158
MINNESOTA,MN,MURRAY,27101.0,1329.0,3346.0,4769,42.29398196686937
MINNESOTA,MN,NICOLLET,27103.0,9441.0,9540.0,19417,0.509862491631045
MINNESOTA,MN,NOBLES,27105.0,2599.0,5541.0,8275,35.55287009063444
MINNESOTA,MN,NORMAN,27107.0,1233.0,1963.0,3294,22.161505768063144
MINNESOTA,MN,OLMSTED,27109.0,49121.0,39467.0,90924,-10.617658703972548
MINNESOTA,MN,OTTER TAIL,27111.0,11752.0,24276.0,36736,34.09189895470383
MINNESOTA,MN,PENNINGTON,27113.0,2439.0,4756.0,7381,31.391410377997563
MINNESOTA,MN,PINE,27115.0,5339.0,11274.0,16911,35.095499970433444
MINNESOTA,MN,PIPESTONE,27117.0,1215.0,3537.0,4837,48.00496175315278
MINNESOTA,MN,POLK,27119.0,4967.0,10162.0,15419,33.69219793760944
MINNESOTA,MN,POPE,27121.0,2398.0,4677.0,7218,31.573843169853145
MINNESOTA,MN,RAMSEY,27123.0,195168.0,75284.0,278025,-43.119863321643734
MINNESOTA,MN,RED LAKE,27125.0,642.0,1425.0,2116,37.00378071833648
MINNESOTA,MN,REDWOOD,27127.0,2300.0,5895.0,8326,43.17799663704059
MINNESOTA,MN,RENVILLE,27129.0,2280.0,5610.0,8058,41.32539091586002
MINNESOTA,MN,RICE,27131.0,17353.0,18264.0,36412,2.50192244315061
MINNESOTA,MN,ROCK,27133.0,1585.0,3690.0,5373,39.177368323096964
MINNESOTA,MN,ROSEAU,27135.0,2093.0,6279.0,8499,49.2528532768561
MINNESOTA,MN,SCOTT,27139.0,40214.0,47837.0,90141,8.456751089959063
MINNESOTA,MN,SHERBURNE,27141.0,18329.0,38491.0,57960,34.78605935127674
MINNESOTA,MN,SIBLEY,27143.0,2351.0,6014.0,8537,42.90734450040998
MINNESOTA,MN,ST LOUIS,27137.0,66335.0,50065.0,119009,-13.67123494861733
MINNESOTA,MN,STEARNS,27145.0,30829.0,53932.0,86632,26.667974882260598
MINNESOTA,MN,STEELE,27147.0,7650.0,12742.0,20872,24.39632042928325
MINNESOTA,MN,STEVENS,27149.0,1827.0,3213.0,5139,26.970227670753065
MINNESOTA,MN,SWIFT,27151.0,1618.0,3340.0,5054,34.07202216066482
MINNESOTA,MN,TODD,27153.0,3072.0,10392.0,13718,53.360548184866595
MINNESOTA,MN,TRAVERSE,27155.0,597.0,1165.0,1802,31.520532741398444
MINNESOTA,MN,WABASHA,27157.0,4721.0,8523.0,13509,28.144200162854393
MINNESOTA,MN,WADENA,27159.0,1898.0,6028.0,8047,51.32347458680253
MINNESOTA,MN,WASECA,27161.0,3402.0,6770.0,10387,32.42514681813805
MINNESOTA,MN,WASHINGTON,27163.0,90324.0,75271.0,169536,-8.878940166100415
MINNESOTA,MN,WATONWAN,27165.0,1723.0,3087.0,4933,27.65051692681938
MINNESOTA,MN,WILKIN,27167.0,986.0,2290.0,3353,38.8905457798986
MINNESOTA,MN,WINONA,27169.0,12929.0,14288.0,27797,4.889016800374141
MINNESOTA,MN,WRIGHT,27171.0,30883.0,57211.0,90041,29.240012883019954
MINNESOTA,MN,YELLOW MEDICINE,27173.0,1548.0,3738.0,5410,40.48059149722736
MISSOURI,MO,ADAIR,29001.0,3334.0,6771.0,10239,33.56773122375232
MISSOURI,MO,ANDREW,29003.0,2312.0,7407.0,9847,51.74164720219356
MISSOURI,MO,ATCHISON,29005.0,529.0,2152.0,2713,59.82307408772577
MISSOURI,MO,AUDRAIN,29007.0,2688.0,7699.0,10523,47.6195001425449
MISSOURI,MO,BARRY,29009.0,2873.0,13138.0,16165,63.50139189607176
MISSOURI,MO,BARTON,29011.0,820.0,5159.0,6015,72.13632585203658
MISSOURI,MO,BATES,29013.0,1563.0,6702.0,8344,61.58916586768935
MISSOURI,MO,BENTON,29015.0,2166.0,8526.0,10769,59.0584083944656
MISSOURI,MO,BOLLINGER,29017.0,756.0,5365.0,6161,74.80928420710924
MISSOURI,MO,BOONE,29019.0,48452.0,39673.0,90110,-9.742536899345245
MISSOURI,MO,BUCHANAN,29021.0,12598.0,22606.0,35743,27.99988808997566
MISSOURI,MO,BUTLER,29023.0,3160.0,14549.0,17860,63.76819708846585
MISSOURI,MO,CALDWELL,29025.0,888.0,3771.0,4703,61.30129704443972
MISSOURI,MO,CALLAWAY,29027.0,5926.0,15206.0,21455,43.25332090421813
MISSOURI,MO,CAMDEN,29029.0,5724.0,19597.0,25548,54.30170659151401
MISSOURI,MO,CAPE GIRARDEAU,29031.0,10561.0,29315.0,40353,46.474859366094215
MISSOURI,MO,CARROLL,29033.0,789.0,3708.0,4528,64.46554770318022
MISSOURI,MO,CARTER,29035.0,364.0,2488.0,2862,74.21383647798741
MISSOURI,MO,CASS,29037.0,19753.0,38792.0,59349,32.079731756221676
MISSOURI,MO,CEDAR,29039.0,1060.0,6064.0,7188,69.61602671118531
MISSOURI,MO,CHARITON,29041.0,875.0,3179.0,4089,56.346294937637566
MISSOURI,MO,CHRISTIAN,29043.0,11850.0,38379.0,50789,52.23375140286283
MISSOURI,MO,CLARK,29045.0,628.0,2679.0,3333,61.536153615361535
MISSOURI,MO,CLAY,29047.0,60345.0,67688.0,130160,5.641518131530424
MISSOURI,MO,CLINTON,29049.0,2855.0,8235.0,11230,47.90739091718611
MISSOURI,MO,COLE,29051.0,12874.0,26686.0,40152,34.39928272564256
MISSOURI,MO,COOPER,29053.0,2347.0,6393.0,8835,45.795132993774764
MISSOURI,MO,CRAWFORD,29055.0,2007.0,8742.0,10829,62.1941084125958
MISSOURI,MO,DADE,29057.0,671.0,3480.0,4186,67.10463449593884
MISSOURI,MO,DALLAS,29059.0,1458.0,6907.0,8441,64.55396280061603
MISSOURI,MO,DAVIESS,29061.0,701.0,3185.0,3925,63.28662420382165
MISSOURI,MO,DE KALB,29063.0,870.0,3885.0,4814,62.629829663481516
MISSOURI,MO,DENT,29065.0,1025.0,6013.0,7103,70.22384907785442
MISSOURI,MO,DOUGLAS,29067.0,996.0,6242.0,7289,71.97146384963644
MISSOURI,MO,DUNKLIN,29069.0,1885.0,8096.0,10051,61.79484628395184
MISSOURI,MO,FRANKLIN,29071.0,14694.0,40126.0,55464,45.853166017597005
MISSOURI,MO,GASCONADE,29073.0,1555.0,6370.0,7997,60.21007877954233
MISSOURI,MO,GENTRY,29075.0,616.0,2651.0,3292,61.81652490886999
MISSOURI,MO,GREENE,29077.0,55971.0,85956.0,144037,20.817567708297176
MISSOURI,MO,GRUNDY,29079.0,784.0,3582.0,4404,63.53315168029064
MISSOURI,MO,HARRISON,29081.0,534.0,3293.0,3845,71.75552665799741
MISSOURI,MO,HENRY,29083.0,2535.0,8286.0,10932,52.607025246981344
MISSOURI,MO,HICKORY,29085.0,978.0,4108.0,5120,61.1328125
MISSOURI,MO,HOLT,29087.0,357.0,1982.0,2352,69.09013605442176
MISSOURI,MO,HOWARD,29089.0,1341.0,3534.0,4956,44.24939467312349
MISSOURI,MO,HOWELL,29091.0,3073.0,15733.0,18968,66.74398987768873
MISSOURI,MO,IRON,29093.0,824.0,3644.0,4518,62.41699867197875
MISSOURI,MO,JACKSON,29095.0,91366.0,99385.0,193729,4.139287355016544
MISSOURI,MO,JASPER,29097.0,13943.0,39084.0,53807,46.72440388796997
MISSOURI,MO,JEFFERSON,29099.0,36965.0,80796.0,119314,36.73583988467406
MISSOURI,MO,JOHNSON,29101.0,6960.0,16298.0,23602,39.56444369121261
MISSOURI,MO,KANSAS CITY,36000.0,95660.0,26225.0,124288,-55.8662139546859
MISSOURI,MO,KNOX,29103.0,311.0,1479.0,1810,64.5303867403315
MISSOURI,MO,LACLEDE,29105.0,2756.0,14155.0,17076,66.7545092527524
MISSOURI,MO,LAFAYETTE,29107.0,4294.0,12720.0,17248,48.85204081632653
MISSOURI,MO,LAWRENCE,29109.0,3248.0,15001.0,18427,63.781407716937096
MISSOURI,MO,LEWIS,29111.0,872.0,3565.0,4486,60.03120820329916
MISSOURI,MO,LINCOLN,29113.0,6908.0,24866.0,32133,55.88647185136776
MISSOURI,MO,LINN,29115.0,1183.0,4437.0,5687,57.21821698610867
MISSOURI,MO,LIVINGSTON,29117.0,1422.0,5395.0,6873,57.80590717299579
MISSOURI,MO,MACON,29121.0,1481.0,6300.0,7839,61.47467789258834
MISSOURI,MO,MADISON,29123.0,986.0,4721.0,5753,64.92264905266816
MISSOURI,MO,MARIES,29125.0,755.0,3987.0,4786,67.53029669870455
MISSOURI,MO,MARION,29127.0,3032.0,9991.0,13153,52.908081806431994
MISSOURI,MO,MCDONALD,29119.0,1423.0,7843.0,9338,68.75133861640609
MISSOURI,MO,MERCER,29129.0,235.0,1545.0,1792,73.10267857142857
MISSOURI,MO,MILLER,29131.0,2067.0,10826.0,13011,67.31996003381754
MISSOURI,MO,MISSISSIPPI,29133.0,1015.0,3404.0,4449,53.69746010339402
MISSOURI,MO,MONITEAU,29135.0,1313.0,5877.0,7275,62.73539518900344
MISSOURI,MO,MONROE,29137.0,857.0,3476.0,4378,59.821836455002284
MISSOURI,MO,MONTGOMERY,29139.0,1170.0,4776.0,5998,60.120040013337785
MISSOURI,MO,MORGAN,29141.0,1914.0,7725.0,9735,59.69183359013868
MISSOURI,MO,NEW MADRID,29143.0,1561.0,5203.0,6811,53.47232418147115
MISSOURI,MO,NEWTON,29145.0,5867.0,22923.0,29097,58.617726913427504
MISSOURI,MO,NODAWAY,29147.0,2674.0,6909.0,9689,43.70936113117968
MISSOURI,MO,OREGON,29149.0,696.0,3884.0,4613,69.10903967049641
MISSOURI,MO,OSAGE,29151.0,1009.0,6657.0,7727,73.09434450627668
MISSOURI,MO,OZARK,29153.0,698.0,4044.0,4780,70.0
MISSOURI,MO,PEMISCOT,29155.0,1331.0,3917.0,5270,49.07020872865275
MISSOURI,MO,PERRY,29157.0,1757.0,7986.0,9824,63.40594462540716
MISSOURI,MO,PETTIS,29159.0,4703.0,13907.0,18882,48.74483635208135
MISSOURI,MO,PHELPS,29161.0,5379.0,13658.0,19300,42.89637305699482
MISSOURI,MO,PIKE,29163.0,1618.0,6151.0,7824,57.93711656441718
MISSOURI,MO,PLATTE,29165.0,27566.0,29381.0,57817,3.139215109742809
MISSOURI,MO,POLK,29167.0,2948.0,12691.0,15826,61.56325034752938
MISSOURI,MO,PULASKI,29169.0,3765.0,11579.0,15549,50.25403562930092
MISSOURI,MO,PUTNAM,29171.0,347.0,2021.0,2380,70.33613445378151
MISSOURI,MO,RALLS,29173.0,1154.0,4575.0,5777,59.21758698286308
MISSOURI,MO,RANDOLPH,29175.0,2571.0,8322.0,11028,52.14907508161044
MISSOURI,MO,RAY,29177.0,2927.0,8602.0,11662,48.662322071685814
MISSOURI,MO,REYNOLDS,29179.0,472.0,2560.0,3059,68.25760052304675
MISSOURI,MO,RIPLEY,29181.0,763.0,5002.0,5804,73.03583735354927
MISSOURI,MO,SALINE,29195.0,2726.0,6498.0,9330,40.42872454448017
MISSOURI,MO,SCHUYLER,29197.0,334.0,1588.0,1945,64.47300771208226
MISSOURI,MO,SCOTLAND,29199.0,358.0,1537.0,1918,61.47028154327424
MISSOURI,MO,SCOTT,29201.0,3525.0,13786.0,17421,58.90017794615694
MISSOURI,MO,SHANNON,29203.0,625.0,3364.0,4018,68.16824290691886
MISSOURI,MO,SHELBY,29205.0,550.0,2691.0,3262,65.6345800122624
MISSOURI,MO,ST CHARLES,29183.0,92226.0,130588.0,226166,16.961877558961117
MISSOURI,MO,ST CLAIR,29185.0,959.0,3982.0,4990,60.5811623246493
MISSOURI,MO,ST FRANCOIS,29187.0,6811.0,21521.0,28615,51.40660492748559
MISSOURI,MO,ST LOUIS CITY,29510.0,94458.0,19342.0,116271,-64.6042435345013
MISSOURI,MO,ST LOUIS COUNTY,29189.0,305635.0,187982.0,502738,-23.402448193691345
MISSOURI,MO,STE GENEVIEVE,29186.0,2629.0,7031.0,9776,45.02864157119476
MISSOURI,MO,STODDARD,29207.0,1736.0,11783.0,13599,73.88043238473418
MISSOURI,MO,STONE,29209.0,3620.0,15357.0,19123,61.376353082675315
MISSOURI,MO,SULLIVAN,29211.0,408.0,2035.0,2463,66.05765326837191
MISSOURI,MO,TANEY,29213.0,5329.0,21236.0,26824,59.30137190575604
MISSOURI,MO,TEXAS,29215.0,1589.0,9855.0,11525,71.72234273318871
MISSOURI,MO,VERNON,29217.0,1774.0,7112.0,8973,59.4895798506631
MISSOURI,MO,WARREN,29219.0,4970.0,14915.0,20095,49.489922866384674
MISSOURI,MO,WASHINGTON,29221.0,1747.0,8424.0,10237,65.2241867734688
MISSOURI,MO,WAYNE,29223.0,783.0,5030.0,5847,72.63553959295365
MISSOURI,MO,WEBSTER,29225.0,3653.0,15984.0,19814,62.23377409912183
MISSOURI,MO,WORTH,29227.0,190.0,904.0,1105,64.61538461538461
MISSOURI,MO,WRIGHT,29229.0,1057.0,7850.0,8980,75.64587973273942
MISSISSIPPI,MS,ADAMS,28001.0,6743.0,5081.0,11928,-13.933601609657947
MISSISSIPPI,MS,ALCORN,28003.0,2328.0,12657.0,15112,68.34965590259397
MISSISSIPPI,MS,AMITE,28005.0,2246.0,4484.0,6815,32.83932501834189
MISSISSIPPI,MS,ATTALA,28007.0,2930.0,4723.0,7703,23.276645462806698
MISSISSIPPI,MS,BENTON,28009.0,1318.0,2535.0,3880,31.3659793814433
MISSISSIPPI,MS,BOLIVAR,28011.0,6419.0,3943.0,10435,-23.7278390033541
MISSISSIPPI,MS,CALHOUN,28013.0,1547.0,4443.0,6034,47.99469671859463
MISSISSIPPI,MS,CARROLL,28015.0,1431.0,3730.0,5194,44.262610704659224
MISSISSIPPI,MS,CHICKASAW,28017.0,3090.0,4079.0,7234,13.671551009123583
MISSISSIPPI,MS,CHOCTAW,28019.0,965.0,2881.0,3890,49.254498714652954
MISSISSIPPI,MS,CLAIBORNE,28021.0,2950.0,558.0,3541,-67.55153911324484
MISSISSIPPI,MS,CLARKE,28023.0,2430.0,5093.0,7571,35.173689076740196
MISSISSIPPI,MS,CLAY,28025.0,4960.0,4017.0,9057,-10.411836148835155
MISSISSIPPI,MS,COAHOMA,28027.0,4711.0,2008.0,6790,-39.80854197349043
MISSISSIPPI,MS,COPIAH,28029.0,5426.0,6134.0,11665,6.069438491213031
MISSISSIPPI,MS,COVINGTON,28031.0,2921.0,5869.0,8861,33.26938268818418
MISSISSIPPI,MS,DESOTO,28033.0,29023.0,48064.0,79082,24.077539768847526
MISSISSIPPI,MS,FORREST,28035.0,11475.0,16579.0,28466,17.93016229888288
MISSISSIPPI,MS,FRANKLIN,28037.0,1213.0,2831.0,4066,39.79340875553369
MISSISSIPPI,MS,GEORGE,28039.0,1138.0,9858.0,11069,78.77857078326859
MISSISSIPPI,MS,GREENE,28041.0,835.0,4776.0,5649,69.7645600991326
MISSISSIPPI,MS,GRENADA,28043.0,4060.0,5651.0,9766,16.291214417366373
MISSISSIPPI,MS,HANCOCK,28045.0,4262.0,16684.0,21175,58.663518299881936
MISSISSIPPI,MS,HARRISON,28047.0,26555.0,48497.0,75923,28.90033323235383
MISSISSIPPI,MS,HINDS,28049.0,62840.0,22816.0,86830,-46.094667741563974
MISSISSIPPI,MS,HOLMES,28051.0,5420.0,1243.0,6730,-62.065378900445765
MISSISSIPPI,MS,HUMPHREYS,28053.0,2443.0,990.0,3468,-41.897347174163784
MISSISSIPPI,MS,ISSAQUENA,28055.0,287.0,296.0,622,1.4469453376205788
MISSISSIPPI,MS,ITAWAMBA,28057.0,1027.0,9523.0,10621,79.99246775256567
MISSISSIPPI,MS,JACKSON,28059.0,15469.0,36376.0,52410,39.89124212936462
MISSISSIPPI,MS,JASPER,28061.0,3722.0,4118.0,7890,5.019011406844107
MISSISSIPPI,MS,JEFFERSON,28063.0,2727.0,541.0,3299,-66.26250378902698
MISSISSIPPI,MS,JEFFERSON DAVIS,28065.0,3041.0,2302.0,5378,-13.741167720342135
MISSISSIPPI,MS,JONES,28067.0,7272.0,20265.0,27755,46.81318681318681
MISSISSIPPI,MS,KEMPER,28069.0,2381.0,1691.0,4086,-16.886930983847286
MISSISSIPPI,MS,LAFAYETTE,28071.0,8956.0,14050.0,23409,21.76086120722799
MISSISSIPPI,MS,LAMAR,28073.0,7038.0,20775.0,28171,48.76291221468886
MISSISSIPPI,MS,LAUDERDALE,28075.0,10677.0,16487.0,27407,21.19896376838034
MISSISSIPPI,MS,LAWRENCE,28077.0,1899.0,4113.0,6053,36.57690401453825
MISSISSIPPI,MS,LEAKE,28079.0,3182.0,5143.0,8380,23.400954653937948
MISSISSIPPI,MS,LEE,28081.0,10616.0,24339.0,35338,38.833550285811306
MISSISSIPPI,MS,LEFLORE,28083.0,6476.0,2854.0,9421,-38.446024838127585
MISSISSIPPI,MS,LINCOLN,28085.0,4262.0,11432.0,15802,45.37400329072269
MISSISSIPPI,MS,LOWNDES,28087.0,11096.0,13087.0,24426,8.151150413493818
MISSISSIPPI,MS,MADISON,28089.0,22700.0,32333.0,55710,17.291330102315563
MISSISSIPPI,MS,MARION,28091.0,3215.0,7874.0,11188,41.642831605291384
MISSISSIPPI,MS,MARSHALL,28093.0,6888.0,7977.0,14983,7.268237335647067
MISSISSIPPI,MS,MONROE,28095.0,5090.0,10861.0,16069,35.91387142946046
MISSISSIPPI,MS,MONTGOMERY,28097.0,1737.0,2658.0,4424,20.818264014466546
MISSISSIPPI,MS,NESHOBA,28099.0,2622.0,8154.0,10861,50.934536414694776
MISSISSIPPI,MS,NEWTON,28101.0,2603.0,6641.0,9323,43.312238549823014
MISSISSIPPI,MS,NOXUBEE,28103.0,3269.0,1151.0,4449,-47.606203641267705
MISSISSIPPI,MS,OKTIBBEHA,28105.0,8851.0,8901.0,18051,0.2769929643787048
MISSISSIPPI,MS,PANOLA,28107.0,6061.0,8202.0,14422,14.845375121342395
MISSISSIPPI,MS,PEARL RIVER,28109.0,3982.0,20438.0,24671,66.70179563049734
MISSISSIPPI,MS,PERRY,28111.0,1078.0,4425.0,5539,60.42606968766926
MISSISSIPPI,MS,PIKE,28113.0,7402.0,7943.0,15485,3.4937035841136583
MISSISSIPPI,MS,PONTOTOC,28115.0,2214.0,11740.0,14068,67.71396076201309
MISSISSIPPI,MS,PRENTISS,28117.0,1727.0,8581.0,10381,66.02446777767075
MISSISSIPPI,MS,QUITMAN,28119.0,1725.0,902.0,2677,-30.7433694434068
MISSISSIPPI,MS,RANKIN,28121.0,18060.0,50896.0,69678,47.125348029507165
MISSISSIPPI,MS,SCOTT,28123.0,3729.0,6098.0,9891,23.951066626225863
MISSISSIPPI,MS,SHARKEY,28125.0,1201.0,551.0,1766,-36.80634201585504
MISSISSIPPI,MS,SIMPSON,28127.0,3479.0,7552.0,11094,36.71353884982874
MISSISSIPPI,MS,SMITH,28129.0,1486.0,6146.0,7676,60.70870244919229
MISSISSIPPI,MS,STONE,28131.0,1620.0,6214.0,7919,58.012375299911604
MISSISSIPPI,MS,SUNFLOWER,28133.0,5312.0,2515.0,7876,-35.512950736414425
MISSISSIPPI,MS,TALLAHATCHIE,28135.0,2630.0,2333.0,5012,-5.925778132482043
MISSISSIPPI,MS,TATE,28137.0,3555.0,9185.0,12861,43.775756162040274
MISSISSIPPI,MS,TIPPAH,28139.0,1547.0,7984.0,9591,67.11500364925452
MISSISSIPPI,MS,TISHOMINGO,28141.0,921.0,8064.0,9050,78.9281767955801
MISSISSIPPI,MS,TUNICA,28143.0,1837.0,799.0,2668,-38.90554722638681
MISSISSIPPI,MS,UNION,28145.0,1807.0,10559.0,12478,70.13944542394614
MISSISSIPPI,MS,WALTHALL,28147.0,2355.0,4114.0,6529,26.941338642977485
MISSISSIPPI,MS,WARREN,28149.0,8683.0,9407.0,18298,3.9567165810471088
MISSISSIPPI,MS,WASHINGTON,28151.0,9735.0,4649.0,14540,-34.97936726272352
MISSISSIPPI,MS,WAYNE,28153.0,3028.0,6013.0,9119,32.73385239609606
MISSISSIPPI,MS,WEBSTER,28155.0,872.0,4195.0,5095,65.22080471050049
MISSISSIPPI,MS,WILKINSON,28157.0,1817.0,1075.0,2931,-25.315591948140565
MISSISSIPPI,MS,WINSTON,28159.0,3392.0,4922.0,8384,18.249045801526716
MISSISSIPPI,MS,YALOBUSHA,28161.0,2289.0,3518.0,5878,20.908472269479415
MISSISSIPPI,MS,YAZOO,28163.0,4342.0,4558.0,8971,2.407758332404414
MONTANA,MT,BEAVERHEAD,30001.0,1543.0,4058.0,5794,43.40697273041077
MONTANA,MT,BIG HORN,30003.0,2112.0,2188.0,4470,1.7002237136465326
MONTANA,MT,BLAINE,30005.0,1348.0,1526.0,3019,5.895992050347798
MONTANA,MT,BROADWATER,30007.0,885.0,3770.0,4810,59.97920997920998
MONTANA,MT,CARBON,30009.0,2353.0,4719.0,7297,32.42428395230917
MONTANA,MT,CARTER,30011.0,75.0,760.0,854,80.21077283372365
MONTANA,MT,CASCADE,30013.0,14021.0,22419.0,37583,22.34520927014874
MONTANA,MT,CHOUTEAU,30015.0,940.0,1885.0,2934,32.20858895705521
MONTANA,MT,CUSTER,30017.0,1385.0,4208.0,5797,48.697602208038646
MONTANA,MT,DANIELS,30019.0,154.0,778.0,951,65.61514195583597
MONTANA,MT,DAWSON,30021.0,894.0,3627.0,4638,58.92626131953428
MONTANA,MT,DEER LODGE,30023.0,2376.0,2329.0,4870,-0.9650924024640658
MONTANA,MT,FALLON,30025.0,163.0,1303.0,1507,75.6469807564698
MONTANA,MT,FERGUS,30027.0,1522.0,4965.0,6712,51.29618593563766
MONTANA,MT,FLATHEAD,30029.0,20062.0,41390.0,63140,33.77890402280646
MONTANA,MT,GALLATIN,30031.0,34938.0,32695.0,69897,-3.209007539665508
MONTANA,MT,GARFIELD,30033.0,39.0,756.0,800,89.625
MONTANA,MT,GLACIER,30035.0,2933.0,1939.0,5078,-19.574635683339896
MONTANA,MT,GOLDEN VALLEY,30037.0,67.0,440.0,515,72.42718446601941
MONTANA,MT,GRANITE,30039.0,579.0,1537.0,2176,44.025735294117645
MONTANA,MT,HILL,30041.0,2634.0,3871.0,6804,18.18048206937096
MONTANA,MT,JEFFERSON,30043.0,2516.0,5544.0,8291,36.52152936919551
MONTANA,MT,JUDITH BASIN,30045.0,265.0,1051.0,1353,58.09312638580931
MONTANA,MT,LAKE,30047.0,6510.0,9880.0,16910,19.92903607332939
MONTANA,MT,LEWIS AND CLARK,30049.0,19085.0,21479.0,42023,5.69688027984675
MONTANA,MT,LIBERTY,30051.0,214.0,752.0,988,54.453441295546554
MONTANA,MT,LINCOLN,30053.0,2615.0,8909.0,11789,53.38875222665196
MONTANA,MT,MADISON,30057.0,1689.0,4615.0,6461,45.28710725893825
MONTANA,MT,MCCONE,30055.0,129.0,931.0,1082,74.12199630314234
MONTANA,MT,MEAGHER,30059.0,256.0,888.0,1172,53.92491467576792
MONTANA,MT,MINERAL,30061.0,689.0,2049.0,2833,48.00564772326156
MONTANA,MT,MISSOULA,30063.0,42903.0,27306.0,72773,-21.432399378890523
MONTANA,MT,MUSSELSHELL,30065.0,396.0,2550.0,3012,71.51394422310757
MONTANA,MT,PARK,30067.0,5224.0,6128.0,11717,7.715285482632073
MONTANA,MT,PETROLEUM,30069.0,37.0,284.0,324,76.23456790123457
MONTANA,MT,PHILLIPS,30071.0,385.0,1753.0,2189,62.49428962996802
MONTANA,MT,PONDERA,30073.0,782.0,1972.0,2852,41.72510518934081
MONTANA,MT,POWDER RIVER,30075.0,131.0,963.0,1106,75.22603978300181
MONTANA,MT,POWELL,30077.0,710.0,2466.0,3282,53.50396099939062
MONTANA,MT,PRAIRIE,30079.0,122.0,546.0,688,61.627906976744185
MONTANA,MT,RAVALLI,30081.0,8485.0,20617.0,29904,40.569823434991974
MONTANA,MT,RICHLAND,30083.0,778.0,4387.0,5309,67.97890374835185
MONTANA,MT,ROOSEVELT,30085.0,1680.0,2055.0,3914,9.580991313234541
MONTANA,MT,ROSEBUD,30087.0,1095.0,2466.0,3693,37.124289195775795
MONTANA,MT,SANDERS,30089.0,1705.0,6150.0,8069,55.08737142148965
MONTANA,MT,SHERIDAN,30091.0,509.0,1321.0,1912,42.46861924686193
MONTANA,MT,SILVER BOW,30093.0,9386.0,8110.0,18226,-7.000987600131681
MONTANA,MT,STILLWATER,30095.0,1056.0,4699.0,5906,61.68303420250593
MONTANA,MT,SWEET GRASS,30097.0,525.0,1789.0,2381,53.08693826123477
MONTANA,MT,TETON,30099.0,927.0,2533.0,3568,45.011210762331835
MONTANA,MT,TOOLE,30101.0,415.0,1571.0,2046,56.50048875855328
MONTANA,MT,TREASURE,30103.0,57.0,367.0,442,70.13574660633483
MONTANA,MT,VALLEY,30105.0,935.0,3019.0,4079,51.090953665114
MONTANA,MT,WHEATLAND,30107.0,209.0,843.0,1086,58.3793738489871
MONTANA,MT,WIBAUX,30109.0,71.0,463.0,546,71.7948717948718
MONTANA,MT,YELLOWSTONE,30111.0,28392.0,50460.0,81391,27.113562924647688
NORTH CAROLINA,NC,ALAMANCE,37001.0,40624.0,47937.0,89831,8.140842248221661
NORTH CAROLINA,NC,ALEXANDER,37003.0,4060.0,16404.0,20677,59.699182666731154
NORTH CAROLINA,NC,ALLEGHANY,37005.0,1533.0,4900.0,6496,51.831896551724135
NORTH CAROLINA,NC,ANSON,37007.0,5253.0,5525.0,10875,2.5011494252873563
NORTH CAROLINA,NC,ASHE,37009.0,4431.0,11629.0,16253,44.28720851535101
NORTH CAROLINA,NC,AVERY,37011.0,2220.0,7181.0,9489,52.28158920855728
NORTH CAROLINA,NC,BEAUFORT,37013.0,9049.0,17296.0,26572,31.036429324100556
NORTH CAROLINA,NC,BERTIE,37015.0,5279.0,3840.0,9186,-15.665142608317003
NORTH CAROLINA,NC,BLADEN,37017.0,6620.0,10035.0,16764,20.37103316630876
NORTH CAROLINA,NC,BRUNSWICK,37019.0,40557.0,67658.0,109378,24.777377534787618
NORTH CAROLINA,NC,BUNCOMBE,37021.0,98662.0,59016.0,160510,-24.700018690424272
NORTH CAROLINA,NC,BURKE,37023.0,13272.0,32130.0,45847,41.132462320326304
NORTH CAROLINA,NC,CABARRUS,37025.0,54494.0,63746.0,120202,7.697043310427447
NORTH CAROLINA,NC,CALDWELL,37027.0,10146.0,33009.0,43540,52.51033532384015
NORTH CAROLINA,NC,CAMDEN,37029.0,1522.0,4716.0,6304,50.66624365482234
NORTH CAROLINA,NC,CARTERET,37031.0,12813.0,32508.0,45817,42.98622781936835
NORTH CAROLINA,NC,CASWELL,37033.0,4493.0,7445.0,12040,24.51827242524917
NORTH CAROLINA,NC,CATAWBA,37035.0,26569.0,59577.0,87109,37.89275505401279
NORTH CAROLINA,NC,CHATHAM,37037.0,29014.0,22507.0,52301,-12.441444714250204
NORTH CAROLINA,NC,CHEROKEE,37039.0,3686.0,13883.0,17824,57.20938061041293
NORTH CAROLINA,NC,CHOWAN,37041.0,2895.0,4587.0,7552,22.404661016949152
NORTH CAROLINA,NC,CLAY,37043.0,1899.0,5761.0,7728,49.97412008281574
NORTH CAROLINA,NC,CLEVELAND,37045.0,16603.0,34654.0,51706,34.91084206861873
NORTH CAROLINA,NC,COLUMBUS,37047.0,8648.0,17592.0,26402,33.876221498371336
NORTH CAROLINA,NC,CRAVEN,37049.0,22011.0,33477.0,56173,20.411941680166628
NORTH CAROLINA,NC,CUMBERLAND,37051.0,78631.0,59840.0,140513,-13.373139851828656
NORTH CAROLINA,NC,CURRITUCK,37053.0,4604.0,13235.0,18053,47.80922838309422
NORTH CAROLINA,NC,DARE,37055.0,10074.0,14792.0,25196,18.725194475313543
NORTH CAROLINA,NC,DAVIDSON,37057.0,24150.0,67959.0,93452,46.87861147969011
NORTH CAROLINA,NC,DAVIE,37059.0,6988.0,19398.0,26850,46.21973929236499
NORTH CAROLINA,NC,DUPLIN,37061.0,8057.0,14677.0,22898,28.910821905843303
NORTH CAROLINA,NC,DURHAM,37063.0,144450.0,32853.0,180912,-61.68579198726453
NORTH CAROLINA,NC,EDGECOMBE,37065.0,14900.0,9355.0,24448,-22.680791884816752
NORTH CAROLINA,NC,FORSYTH,37067.0,114145.0,87292.0,204726,-13.116555786758887
NORTH CAROLINA,NC,FRANKLIN,37069.0,18167.0,23938.0,42667,13.525675580659527
NORTH CAROLINA,NC,GASTON,37071.0,44062.0,73828.0,119256,24.959750452807405
NORTH CAROLINA,NC,GATES,37073.0,2268.0,3538.0,5868,21.642808452624404
NORTH CAROLINA,NC,GRAHAM,37075.0,839.0,3883.0,4779,63.69533375183093
NORTH CAROLINA,NC,GRANVILLE,37077.0,14365.0,17383.0,32104,9.400697732369798
NORTH CAROLINA,NC,GREENE,37079.0,3437.0,4965.0,8450,18.08284023668639
NORTH CAROLINA,NC,GUILFORD,37081.0,171118.0,109077.0,285053,-21.76472445475052
NORTH CAROLINA,NC,HALIFAX,37083.0,14014.0,9778.0,23965,-17.675777175046946
NORTH CAROLINA,NC,HARNETT,37085.0,23472.0,39440.0,63757,25.04509308781781
NORTH CAROLINA,NC,HAYWOOD,37087.0,13913.0,23393.0,37851,25.04557343267021
NORTH CAROLINA,NC,HENDERSON,37089.0,29361.0,39497.0,69974,14.485380284105526
NORTH CAROLINA,NC,HERTFORD,37091.0,6191.0,3561.0,9843,-26.719496088590876
NORTH CAROLINA,NC,HOKE,37093.0,11896.0,10547.0,22767,-5.925242675802697
NORTH CAROLINA,NC,HYDE,37095.0,931.0,1465.0,2421,22.057001239157373
NORTH CAROLINA,NC,IREDELL,37097.0,36739.0,72801.0,110875,32.524915445321305
NORTH CAROLINA,NC,JACKSON,37099.0,9746.0,11796.0,21942,9.342812870294411
NORTH CAROLINA,NC,JOHNSTON,37101.0,48116.0,74878.0,124678,21.464893565825566
NORTH CAROLINA,NC,JONES,37103.0,2007.0,3409.0,5463,25.66355482335713
NORTH CAROLINA,NC,LEE,37105.0,12245.0,17489.0,30081,17.43293108606762
NORTH CAROLINA,NC,LENOIR,37107.0,12700.0,14564.0,27503,6.7774424608224555
NORTH CAROLINA,NC,LINCOLN,37109.0,14842.0,40183.0,55582,45.59209816127524
NORTH CAROLINA,NC,MACON,37113.0,6675.0,14981.0,21934,37.86814990425823
NORTH CAROLINA,NC,MADISON,37115.0,5090.0,8275.0,13621,23.383011526319653
NORTH CAROLINA,NC,MARTIN,37117.0,5360.0,6601.0,12040,10.307308970099669
NORTH CAROLINA,NC,MCDOWELL,37111.0,5911.0,17520.0,23655,49.07630522088353
NORTH CAROLINA,NC,MECKLENBURG,37119.0,376454.0,187770.0,577505,-32.67227123574688
NORTH CAROLINA,NC,MITCHELL,37121.0,1915.0,6843.0,8842,55.73399683329563
NORTH CAROLINA,NC,MONTGOMERY,37123.0,4055.0,9044.0,13206,37.77828259881872
NORTH CAROLINA,NC,MOORE,37125.0,21436.0,39617.0,61790,29.423854992717267
NORTH CAROLINA,NC,NASH,37127.0,25508.0,26431.0,52471,1.7590669131520267
NORTH CAROLINA,NC,NEW HANOVER,37129.0,68814.0,67949.0,138734,-0.6234953219830754
NORTH CAROLINA,NC,NORTHAMPTON,37131.0,5239.0,3905.0,9215,-14.476397178513292
NORTH CAROLINA,NC,ONSLOW,37133.0,25684.0,54960.0,81681,35.84187265092249
NORTH CAROLINA,NC,ORANGE,37135.0,65444.0,20806.0,87807,-50.83649367362511
NORTH CAROLINA,NC,PAMLICO,37137.0,2676.0,5229.0,7976,32.00852557673019
NORTH CAROLINA,NC,PASQUOTANK,37139.0,9549.0,10537.0,20343,4.856707466941946
NORTH CAROLINA,NC,PENDER,37141.0,12460.0,26042.0,38909,34.907090904418006
NORTH CAROLINA,NC,PERQUIMANS,37143.0,2269.0,5278.0,7666,39.25123923819462
NORTH CAROLINA,NC,PERSON,37145.0,8295.0,13509.0,22036,23.661281539299328
NORTH CAROLINA,NC,PITT,37147.0,45595.0,40403.0,87130,-5.958911970618616
NORTH CAROLINA,NC,POLK,37149.0,4827.0,8107.0,13068,25.099479644934192
NORTH CAROLINA,NC,RANDOLPH,37151.0,15951.0,59357.0,76008,57.10714661614566
NORTH CAROLINA,NC,RICHMOND,37153.0,7787.0,11931.0,19873,20.852412821415992
NORTH CAROLINA,NC,ROBESON,37155.0,16728.0,29647.0,46770,27.622407526192006
NORTH CAROLINA,NC,ROCKINGHAM,37157.0,15676.0,33447.0,49595,35.83224115334207
NORTH CAROLINA,NC,ROWAN,37159.0,23788.0,50807.0,75394,35.83706926280606
NORTH CAROLINA,NC,RUTHERFORD,37161.0,8914.0,25456.0,34670,47.71271993077589
NORTH CAROLINA,NC,SAMPSON,37163.0,9797.0,18178.0,28201,29.718804297719934
NORTH CAROLINA,NC,SCOTLAND,37165.0,6754.0,7767.0,14626,6.926022152331464
NORTH CAROLINA,NC,STANLY,37167.0,8881.0,27518.0,36714,50.76265184943074
NORTH CAROLINA,NC,STOKES,37169.0,5380.0,21548.0,27175,59.49586016559337
NORTH CAROLINA,NC,SURRY,37171.0,8613.0,28565.0,37508,53.1939852831396
NORTH CAROLINA,NC,SWAIN,37173.0,2643.0,4311.0,7052,23.6528644356211
NORTH CAROLINA,NC,TRANSYLVANIA,37175.0,8972.0,11492.0,20780,12.127045235803656
NORTH CAROLINA,NC,TYRRELL,37177.0,680.0,1057.0,1757,21.457029026750142
NORTH CAROLINA,NC,UNION,37179.0,51168.0,86271.0,139355,25.189623623120806
NORTH CAROLINA,NC,VANCE,37181.0,11292.0,8614.0,20092,-13.328688035038821
NORTH CAROLINA,NC,WAKE,37183.0,402984.0,236735.0,653580,-25.436671868784234
NORTH CAROLINA,NC,WARREN,37185.0,5872.0,3976.0,10013,-18.935384000798962
NORTH CAROLINA,NC,WASHINGTON,37187.0,3138.0,2768.0,5944,-6.224764468371467
NORTH CAROLINA,NC,WATAUGA,37189.0,17225.0,15254.0,33095,-5.955582414261973
NORTH CAROLINA,NC,WAYNE,37191.0,22618.0,31580.0,54762,16.36536284284723
NORTH CAROLINA,NC,WILKES,37193.0,7194.0,28812.0,36320,59.52092511013216
NORTH CAROLINA,NC,WILSON,37195.0,19909.0,19750.0,40045,-0.39705331502060176
NORTH CAROLINA,NC,YADKIN,37197.0,3739.0,16439.0,20397,62.26405843996666
NORTH CAROLINA,NC,YANCEY,37199.0,3635.0,7509.0,11283,34.334840024816096
NORTH DAKOTA,ND,ADAMS,38001.0,215.0,962.0,1201,62.19816819317236
NORTH DAKOTA,ND,BARNES,38003.0,1661.0,3531.0,5339,35.025285634013855
NORTH DAKOTA,ND,BENSON,38005.0,795.0,1163.0,2002,18.38161838161838
NORTH DAKOTA,ND,BILLINGS,38007.0,93.0,543.0,647,69.55177743431221
NORTH DAKOTA,ND,BOTTINEAU,38009.0,735.0,2628.0,3447,54.91731940818103
NORTH DAKOTA,ND,BOWMAN,38011.0,207.0,1384.0,1618,72.74412855377008
NORTH DAKOTA,ND,BURKE,38013.0,130.0,909.0,1056,73.76893939393939
NORTH DAKOTA,ND,BURLEIGH,38015.0,14215.0,36595.0,52263,42.82188163710464
NORTH DAKOTA,ND,CASS,38017.0,40304.0,47873.0,90851,8.331223651913573
NORTH DAKOTA,ND,CAVALIER,38019.0,491.0,1461.0,1987,48.817312531454455
NORTH DAKOTA,ND,DICKEY,38021.0,557.0,1829.0,2453,51.85487158581329
NORTH DAKOTA,ND,DIVIDE,38023.0,253.0,914.0,1201,55.037468776019985
NORTH DAKOTA,ND,DUNN,38025.0,332.0,1877.0,2242,68.91168599464763
NORTH DAKOTA,ND,EDDY,38027.0,316.0,862.0,1205,45.31120331950208
NORTH DAKOTA,ND,EMMONS,38029.0,205.0,1697.0,1930,77.30569948186529
NORTH DAKOTA,ND,FOSTER,38031.0,335.0,1326.0,1703,58.191426893716965
NORTH DAKOTA,ND,GOLDEN VALLEY,38033.0,122.0,847.0,991,73.15842583249244
NORTH DAKOTA,ND,GRAND FORKS,38035.0,12469.0,18123.0,31411,18.000063671962053
NORTH DAKOTA,ND,GRANT,38037.0,205.0,1076.0,1306,66.69218989280245
NORTH DAKOTA,ND,GRIGGS,38039.0,301.0,963.0,1289,51.35764158262219
NORTH DAKOTA,ND,HETTINGER,38041.0,192.0,1089.0,1306,68.68300153139357
NORTH DAKOTA,ND,KIDDER,38043.0,238.0,1137.0,1398,64.30615164520745
NORTH DAKOTA,ND,LAMOURE,38045.0,453.0,1614.0,2123,54.686764013188885
NORTH DAKOTA,ND,LOGAN,38047.0,117.0,898.0,1033,75.60503388189738
NORTH DAKOTA,ND,MCHENRY,38049.0,479.0,2223.0,2752,63.372093023255815
NORTH DAKOTA,ND,MCINTOSH,38051.0,229.0,1132.0,1390,64.96402877697842
NORTH DAKOTA,ND,MCKENZIE,38053.0,809.0,4627.0,5521,69.15413874298135
NORTH DAKOTA,ND,MCLEAN,38055.0,1093.0,4231.0,5421,57.88599889319313
NORTH DAKOTA,ND,MERCER,38057.0,672.0,3798.0,4555,68.6278814489572
NORTH DAKOTA,ND,MORTON,38059.0,3748.0,12839.0,17036,53.363465602254045
NORTH DAKOTA,ND,MOUNTRAIL,38061.0,1125.0,2877.0,4073,43.01497667566904
NORTH DAKOTA,ND,NELSON,38063.0,580.0,1141.0,1761,31.85689948892675
NORTH DAKOTA,ND,OLIVER,38065.0,156.0,909.0,1087,69.27322907083716
NORTH DAKOTA,ND,PEMBINA,38067.0,704.0,2350.0,3112,52.89203084832905
NORTH DAKOTA,ND,PIERCE,38069.0,439.0,1493.0,1970,53.502538071065985
NORTH DAKOTA,ND,RAMSEY,38071.0,1513.0,3609.0,5239,40.00763504485589
NORTH DAKOTA,ND,RANSOM,38073.0,920.0,1661.0,2649,27.97281993204983
NORTH DAKOTA,ND,RENVILLE,38075.0,179.0,993.0,1208,67.3841059602649
NORTH DAKOTA,ND,RICHLAND,38077.0,2473.0,5576.0,8261,37.56203849412904
NORTH DAKOTA,ND,ROLETTE,38079.0,2567.0,1427.0,4075,-27.975460122699385
NORTH DAKOTA,ND,SARGENT,38081.0,663.0,1325.0,2043,32.403328438570725
NORTH DAKOTA,ND,SHERIDAN,38083.0,101.0,644.0,757,71.73051519154558
NORTH DAKOTA,ND,SIOUX,38085.0,654.0,285.0,953,-38.719832109129065
NORTH DAKOTA,ND,SLOPE,38087.0,33.0,351.0,389,81.74807197943444
NORTH DAKOTA,ND,STARK,38089.0,2473.0,12323.0,15100,65.23178807947019
NORTH DAKOTA,ND,STEELE,38091.0,367.0,622.0,1015,25.12315270935961
NORTH DAKOTA,ND,STUTSMAN,38093.0,2692.0,7185.0,10134,44.33589895401619
NORTH DAKOTA,ND,TOWNER,38095.0,289.0,796.0,1114,45.511669658886895
NORTH DAKOTA,ND,TRAILL,38097.0,1359.0,2650.0,4115,31.373025516403402
NORTH DAKOTA,ND,WALSH,38099.0,1173.0,3186.0,4496,44.77313167259786
NORTH DAKOTA,ND,WARD,38101.0,7215.0,20635.0,28552,47.00196133370692
NORTH DAKOTA,ND,WELLS,38103.0,405.0,1815.0,2253,62.5832223701731
NORTH DAKOTA,ND,WILLIAMS,38105.0,2276.0,12501.0,15122,67.61671736542786
NEBRASKA,NE,ADAMS,31001.0,4100.0,10077.0,14364,41.610971874129774
NEBRASKA,NE,ANTELOPE,31003.0,396.0,3032.0,3447,76.47229474905714
NEBRASKA,NE,ARTHUR,31005.0,17.0,264.0,282,87.58865248226951
NEBRASKA,NE,BANNER,31007.0,34.0,348.0,386,81.34715025906736
NEBRASKA,NE,BLAINE,31009.0,37.0,250.0,291,73.19587628865979
NEBRASKA,NE,BOONE,31011.0,496.0,2499.0,3031,66.08380072583306
NEBRASKA,NE,BOX BUTTE,31013.0,1043.0,3827.0,4931,56.459136077874675
NEBRASKA,NE,BOYD,31015.0,132.0,938.0,1075,74.9767441860465
NEBRASKA,NE,BROWN,31017.0,201.0,1428.0,1642,74.72594397076736
NEBRASKA,NE,BUFFALO,31019.0,6386.0,17064.0,23759,44.942968980175934
NEBRASKA,NE,BURT,31021.0,983.0,2632.0,3656,45.10393873085339
NEBRASKA,NE,BUTLER,31023.0,906.0,3642.0,4587,59.64682799215173
NEBRASKA,NE,CASS,31025.0,4824.0,10685.0,15755,37.200888606791494
NEBRASKA,NE,CEDAR,31027.0,702.0,4141.0,4912,70.01221498371335
NEBRASKA,NE,CHASE,31029.0,204.0,1648.0,1866,77.38478027867095
NEBRASKA,NE,CHERRY,31031.0,349.0,2687.0,3069,76.18116650374715
NEBRASKA,NE,CHEYENNE,31033.0,787.0,3692.0,4530,64.1280353200883
NEBRASKA,NE,CLAY,31035.0,577.0,2677.0,3310,63.44410876132931
NEBRASKA,NE,COLFAX,31037.0,845.0,2636.0,3516,50.93856655290102
NEBRASKA,NE,CUMING,31039.0,867.0,3536.0,4445,60.04499437570304
NEBRASKA,NE,CUSTER,31041.0,786.0,5042.0,5886,72.30716955487597
NEBRASKA,NE,DAKOTA,31043.0,2109.0,3934.0,6120,29.820261437908496
NEBRASKA,NE,DAWES,31045.0,992.0,2812.0,3868,47.05274043433299
NEBRASKA,NE,DAWSON,31047.0,2101.0,6312.0,8491,49.59368743375339
NEBRASKA,NE,DEUEL,31049.0,151.0,843.0,1012,68.37944664031622
NEBRASKA,NE,DIXON,31051.0,573.0,2271.0,2895,58.652849740932645
NEBRASKA,NE,DODGE,31053.0,5434.0,10795.0,16443,32.60353950009122
NEBRASKA,NE,DOUGLAS,31055.0,148733.0,120919.0,273403,-10.173260717695124
NEBRASKA,NE,DUNDY,31057.0,96.0,829.0,929,78.90204520990312
NEBRASKA,NE,FILLMORE,31059.0,662.0,2315.0,3013,54.86226352472619
NEBRASKA,NE,FRANKLIN,31061.0,236.0,1351.0,1600,69.6875
NEBRASKA,NE,FRONTIER,31063.0,185.0,1213.0,1410,72.90780141843972
NEBRASKA,NE,FURNAS,31065.0,358.0,2043.0,2413,69.83008702859512
NEBRASKA,NE,GAGE,31067.0,3242.0,7523.0,10916,39.217662147306704
NEBRASKA,NE,GARDEN,31069.0,162.0,949.0,1117,70.45658012533572
NEBRASKA,NE,GARFIELD,31071.0,116.0,893.0,1015,76.55172413793103
NEBRASKA,NE,GOSPER,31073.0,203.0,907.0,1118,62.9695885509839
NEBRASKA,NE,GRANT,31075.0,15.0,351.0,366,91.80327868852459
NEBRASKA,NE,GREELEY,31077.0,192.0,1030.0,1235,67.85425101214575
NEBRASKA,NE,HALL,31079.0,6956.0,15566.0,22804,37.75653394141379
NEBRASKA,NE,HAMILTON,31081.0,1067.0,4416.0,5547,60.37497746529655
NEBRASKA,NE,HARLAN,31083.0,280.0,1506.0,1802,68.03551609322975
NEBRASKA,NE,HAYES,31085.0,19.0,472.0,494,91.7004048582996
NEBRASKA,NE,HITCHCOCK,31087.0,152.0,1269.0,1433,77.94836008374041
NEBRASKA,NE,HOLT,31089.0,681.0,4708.0,5442,73.99852995222345
NEBRASKA,NE,HOOKER,31091.0,55.0,369.0,427,73.53629976580797
NEBRASKA,NE,HOWARD,31093.0,642.0,2868.0,3550,62.70422535211267
NEBRASKA,NE,JEFFERSON,31095.0,968.0,2614.0,3631,45.331864500137705
NEBRASKA,NE,JOHNSON,31097.0,625.0,1496.0,2152,40.473977695167285
NEBRASKA,NE,KEARNEY,31099.0,736.0,2828.0,3604,58.046614872364046
NEBRASKA,NE,KEITH,31101.0,731.0,3416.0,4199,63.943796141938556
NEBRASKA,NE,KEYA PAHA,31103.0,44.0,500.0,544,83.82352941176471
NEBRASKA,NE,KIMBALL,31105.0,272.0,1424.0,1720,66.97674418604652
NEBRASKA,NE,KNOX,31107.0,786.0,3593.0,4436,63.27772768259693
NEBRASKA,NE,LANCASTER,31109.0,81012.0,74215.0,157633,-4.311914383409565
NEBRASKA,NE,LINCOLN,31111.0,3586.0,12674.0,16464,55.19922254616132
NEBRASKA,NE,LOGAN,31113.0,25.0,409.0,440,87.27272727272727
NEBRASKA,NE,LOUP,31115.0,73.0,354.0,428,65.65420560747664
NEBRASKA,NE,MADISON,31119.0,3360.0,12145.0,15690,55.9910771191842
NEBRASKA,NE,MCPHERSON,31117.0,12.0,267.0,283,90.10600706713781
NEBRASKA,NE,MERRICK,31121.0,730.0,3551.0,4342,64.97005988023952
NEBRASKA,NE,MORRILL,31123.0,366.0,2026.0,2426,68.42539159109646
NEBRASKA,NE,NANCE,31125.0,352.0,1462.0,1837,60.42460533478498
NEBRASKA,NE,NEMAHA,31127.0,915.0,2443.0,3418,44.70450555880632
NEBRASKA,NE,NUCKOLLS,31129.0,399.0,1836.0,2258,63.64038972542073
NEBRASKA,NE,OTOE,31131.0,2463.0,5651.0,8198,38.88753354476702
NEBRASKA,NE,PAWNEE,31133.0,284.0,1085.0,1379,58.08556925308195
NEBRASKA,NE,PERKINS,31135.0,187.0,1224.0,1426,72.72089761570828
NEBRASKA,NE,PHELPS,31137.0,758.0,4158.0,4965,68.47935548841893
NEBRASKA,NE,PIERCE,31139.0,446.0,3420.0,3897,76.31511419040288
NEBRASKA,NE,PLATTE,31141.0,3191.0,12326.0,15658,58.3407842636352
NEBRASKA,NE,POLK,31143.0,501.0,2296.0,2819,63.67506207875133
NEBRASKA,NE,RED WILLOW,31145.0,815.0,4457.0,5323,68.4200638737554
NEBRASKA,NE,RICHARDSON,31147.0,934.0,2962.0,3942,51.44596651445966
NEBRASKA,NE,ROCK,31149.0,85.0,745.0,834,79.13669064748201
NEBRASKA,NE,SALINE,31151.0,1855.0,3734.0,5655,33.227232537577365
NEBRASKA,NE,SARPY,31153.0,43825.0,55567.0,100735,11.656326003871543
NEBRASKA,NE,SAUNDERS,31155.0,3558.0,9854.0,13565,46.413564319941024
NEBRASKA,NE,SCOTTS BLUFF,31157.0,3856.0,11033.0,15040,47.71941489361702
NEBRASKA,NE,SEWARD,31159.0,2388.0,6667.0,9184,46.59189895470383
NEBRASKA,NE,SHERIDAN,31161.0,362.0,2102.0,2484,70.04830917874396
NEBRASKA,NE,SHERMAN,31163.0,328.0,1344.0,1687,60.22525192649674
NEBRASKA,NE,SIOUX,31165.0,77.0,597.0,678,76.69616519174042
NEBRASKA,NE,STANTON,31167.0,492.0,2536.0,3064,66.71018276762402
NEBRASKA,NE,THAYER,31169.0,544.0,2278.0,2852,60.79943899018233
NEBRASKA,NE,THOMAS,31171.0,44.0,348.0,393,77.35368956743002
NEBRASKA,NE,THURSTON,31173.0,978.0,1125.0,2123,6.924163918982572
NEBRASKA,NE,VALLEY,31175.0,403.0,1872.0,2299,63.89734667246629
NEBRASKA,NE,WASHINGTON,31177.0,3538.0,8855.0,12545,42.38341968911917
NEBRASKA,NE,WAYNE,31179.0,1006.0,3011.0,4073,49.2266142892217
NEBRASKA,NE,WEBSTER,31181.0,296.0,1449.0,1763,65.3998865570051
NEBRASKA,NE,WHEELER,31183.0,57.0,424.0,486,75.51440329218107
NEBRASKA,NE,YORK,31185.0,1648.0,5234.0,6984,51.3459335624284
NEW HAMPSHIRE,NH,BELKNAP,33001.0,17469.0,22765.0,40676,13.019962631527191
NEW HAMPSHIRE,NH,CARROLL,33003.0,16822.0,17426.0,34658,1.7427433781522303
NEW HAMPSHIRE,NH,CHESHIRE,33005.0,24579.0,20083.0,45389,-9.905483707506225
NEW HAMPSHIRE,NH,COOS,33007.0,7367.0,9734.0,17322,13.664703844821613
NEW HAMPSHIRE,NH,GRAFTON,33009.0,32993.0,21909.0,55895,-19.830038464978976
NEW HAMPSHIRE,NH,HILLSBOROUGH,33011.0,118776.0,112057.0,234440,-2.8659785019621227
NEW HAMPSHIRE,NH,MERRIMACK,33013.0,48181.0,43364.0,92978,-5.180795456989825
NEW HAMPSHIRE,NH,ROCKINGHAM,33015.0,97611.0,102539.0,202922,2.428519332551424
NEW HAMPSHIRE,NH,STRAFFORD,33017.0,42373.0,33162.0,76688,-12.011005633215104
NEW HAMPSHIRE,NH,SULLIVAN,33019.0,12317.0,12484.0,25221,0.6621466238452084
NEW JERSEY,NJ,ATLANTIC,34001.0,61879.0,65817.0,129759,3.0348569270724957
NEW JERSEY,NJ,BERGEN,34003.0,232660.0,217096.0,459077,-3.3902809332639188
NEW JERSEY,NJ,BURLINGTON,34005.0,132275.0,94116.0,229466,-16.629478877044964
NEW JERSEY,NJ,CAMDEN,34007.0,155522.0,87767.0,246954,-27.436283680361523
NEW JERSEY,NJ,CAPE MAY,34009.0,21648.0,32151.0,54568,19.24754434833602
NEW JERSEY,NJ,CUMBERLAND,34011.0,26577.0,28675.0,55885,3.754137961886016
NEW JERSEY,NJ,ESSEX,34013.0,224596.0,83908.0,313283,-44.907639418672574
NEW JERSEY,NJ,GLOUCESTER,34015.0,78708.0,83326.0,164635,2.8049928629999696
NEW JERSEY,NJ,HUDSON,34017.0,144765.0,79913.0,231181,-28.05247836111099
NEW JERSEY,NJ,HUNTERDON,34019.0,36995.0,42391.0,80925,6.667902378745752
NEW JERSEY,NJ,MERCER,34021.0,107558.0,52274.0,163270,-33.860476511300305
NEW JERSEY,NJ,MIDDLESEX,34023.0,191802.0,162459.0,365187,-8.035061489045338
NEW JERSEY,NJ,MONMOUTH,34025.0,156382.0,197409.0,360143,11.39186378743999
NEW JERSEY,NJ,MORRIS,34027.0,135672.0,143439.0,284666,2.7284607223904507
NEW JERSEY,NJ,OCEAN,34029.0,105789.0,227232.0,337135,36.02206831091402
NEW JERSEY,NJ,PASSAIC,34031.0,95156.0,100954.0,202767,2.8594396524089225
NEW JERSEY,NJ,SALEM,34033.0,12275.0,18229.0,31001,19.20583206993323
NEW JERSEY,NJ,SOMERSET,34035.0,98790.0,74101.0,177412,-13.916195071359322
NEW JERSEY,NJ,SUSSEX,34037.0,31019.0,52123.0,84629,24.937078306490683
NEW JERSEY,NJ,UNION,34039.0,147327.0,89063.0,240632,-24.212906014162705
NEW JERSEY,NJ,WARREN,34041.0,23318.0,35772.0,60150,20.704904405652535
NEW MEXICO,NM,BERNALILLO,35001.0,368234.0,237524.0,310844,-42.050031527068235
NEW MEXICO,NM,CATRON,35003.0,1142.0,3504.0,2354,100.33984706881903
NEW MEXICO,NM,CHAVES,35005.0,11882.0,31788.0,22200,89.66666666666666
NEW MEXICO,NM,CIBOLA,35006.0,8900.0,8622.0,8977,-3.096802940848836
NEW MEXICO,NM,COLFAX,35007.0,4872.0,6504.0,5813,28.075004300705313
NEW MEXICO,NM,CURRY,35009.0,8460.0,21428.0,15223,85.18688826118374
NEW MEXICO,NM,DE BACA,35011.0,412.0,1298.0,867,102.19146482122261
NEW MEXICO,NM,DONA ANA,35013.0,91874.0,75188.0,85407,-19.537040289437634
NEW MEXICO,NM,EDDY,35015.0,10064.0,36282.0,23472,111.69904567143831
NEW MEXICO,NM,GRANT,35017.0,14602.0,13160.0,14224,-10.137795275590552
NEW MEXICO,NM,GUADALUPE,35019.0,1918.0,1890.0,1928,-1.4522821576763485
NEW MEXICO,NM,HARDING,35021.0,256.0,594.0,425,79.52941176470588
NEW MEXICO,NM,HIDALGO,35023.0,1410.0,2280.0,1861,46.749059645351956
NEW MEXICO,NM,LEA,35025.0,7860.0,33994.0,21209,123.22127398745815
NEW MEXICO,NM,LINCOLN,35027.0,6066.0,13884.0,10165,76.91096901131334
NEW MEXICO,NM,LOS ALAMOS,35028.0,15452.0,8094.0,12187,-60.37581028965291
NEW MEXICO,NM,LUNA,35029.0,6352.0,9396.0,8056,37.78550148957299
NEW MEXICO,NM,MCKINLEY,35031.0,31422.0,18728.0,25867,-49.07410986971817
NEW MEXICO,NM,MORA,35033.0,2878.0,2020.0,2479,-34.610730133118196
NEW MEXICO,NM,OTERO,35035.0,17164.0,30234.0,24242,53.91469350713638
NEW MEXICO,NM,QUAY,35037.0,2110.0,5140.0,3700,81.89189189189189
NEW MEXICO,NM,RIO ARRIBA,35039.0,18746.0,12536.0,15989,-38.83920195134154
NEW MEXICO,NM,ROOSEVELT,35041.0,3640.0,9374.0,6639,86.3684289802681
NEW MEXICO,NM,SAN JUAN,35045.0,34928.0,68528.0,52926,63.48486566148963
NEW MEXICO,NM,SAN MIGUEL,35047.0,13970.0,7774.0,11108,-55.77961829312208
NEW MEXICO,NM,SANDOVAL,35043.0,82410.0,73210.0,79540,-11.566507417651497
NEW MEXICO,NM,SANTA FE,35049.0,122810.0,40914.0,83719,-97.8224775737885
NEW MEXICO,NM,SIERRA,35051.0,4664.0,6946.0,5953,38.333613304216364
NEW MEXICO,NM,SOCORRO,35053.0,6768.0,7302.0,7233,7.382828701783492
NEW MEXICO,NM,TAOS,35055.0,24076.0,8278.0,16636,-94.9627314258235
NEW MEXICO,NM,TORRANCE,35057.0,4288.0,9760.0,7179,76.22231508566652
NEW MEXICO,NM,UNION,35059.0,756.0,2494.0,1663,104.50992182802166
NEW MEXICO,NM,VALENCIA,35061.0,27218.0,38114.0,33277,32.743336238242634
NEVADA,NV,CARSON CITY,32510.0,13375.0,16873.0,31068,11.259173426033216
NEVADA,NV,CHURCHILL,32001.0,3179.0,9962.0,13503,50.233281493001556
NEVADA,NV,CLARK,32003.0,520187.0,493052.0,1031223,-2.6313416205806113
NEVADA,NV,DOUGLAS,32005.0,11553.0,23237.0,35556,32.8608392395095
NEVADA,NV,ELKO,32007.0,4632.0,17352.0,22465,56.6214110839083
NEVADA,NV,ESMERALDA,32009.0,73.0,376.0,461,65.72668112798264
NEVADA,NV,EUREKA,32011.0,104.0,910.0,1036,77.7992277992278
NEVADA,NV,HUMBOLDT,32013.0,1711.0,6141.0,8030,55.168119551681194
NEVADA,NV,LANDER,32015.0,482.0,2180.0,2725,62.31192660550459
NEVADA,NV,LINCOLN,32017.0,314.0,2108.0,2472,72.57281553398059
NEVADA,NV,LYON,32019.0,8954.0,23861.0,33541,44.44411317492025
NEVADA,NV,MINERAL,32021.0,711.0,1528.0,2295,35.59912854030501
NEVADA,NV,NYE,32023.0,7559.0,18946.0,26997,42.17876060302997
NEVADA,NV,PERSHING,32027.0,496.0,1764.0,2308,54.93934142114385
NEVADA,NV,STOREY,32029.0,913.0,2108.0,3075,38.86178861788618
NEVADA,NV,WASHOE,32031.0,130071.0,127443.0,263734,-0.9964585529359128
NEVADA,NV,WHITE PINE,32033.0,883.0,3364.0,4351,57.02137439669042
NEW YORK,NY,ALBANY,36001.0,92589.0,54560.0,148577,-25.595482477099416
NEW YORK,NY,ALLEGANY,36003.0,5483.0,13826.0,19376,43.05842279108175
NEW YORK,NY,BRONX,36005.0,261670.0,98174.0,362890,-45.05387307448538
NEW YORK,NY,BROOME,36007.0,45142.0,44763.0,90459,-0.41897434196707906
NEW YORK,NY,CATTARAUGUS,36009.0,11424.0,22586.0,34107,32.72641979652271
NEW YORK,NY,CAYUGA,36011.0,15772.0,20482.0,36343,12.959854717552211
NEW YORK,NY,CHAUTAUQUA,36013.0,22085.0,34528.0,56751,21.92560483515709
NEW YORK,NY,CHEMUNG,36015.0,15572.0,21861.0,37560,16.743876464323748
NEW YORK,NY,CHENANGO,36017.0,8177.0,14294.0,22540,27.138420585625557
NEW YORK,NY,CLINTON,36019.0,17478.0,18247.0,35817,2.1470251556523436
NEW YORK,NY,COLUMBIA,36021.0,20396.0,15168.0,35897,-14.563891132963757
NEW YORK,NY,CORTLAND,36023.0,10290.0,11706.0,22063,6.417984861532883
NEW YORK,NY,DELAWARE,36025.0,9237.0,13789.0,23156,19.65797201589221
NEW YORK,NY,DUTCHESS,36027.0,79994.0,71778.0,152659,-5.381929660223111
NEW YORK,NY,ERIE,36029.0,248651.0,204774.0,456550,-9.61055744168218
NEW YORK,NY,ESSEX,36031.0,9629.0,9533.0,19236,-0.4990642545227698
NEW YORK,NY,FRANKLIN,36033.0,8821.0,10569.0,19458,8.983451536643026
NEW YORK,NY,FULTON,36035.0,7666.0,16237.0,23953,35.78257420782365
NEW YORK,NY,GENESEE,36037.0,9367.0,18997.0,28444,33.85599774996484
NEW YORK,NY,GREENE,36039.0,10436.0,14702.0,25310,16.854998024496247
NEW YORK,NY,HAMILTON,36041.0,1211.0,2223.0,3439,29.42715905786566
NEW YORK,NY,HERKIMER,36043.0,9110.0,19557.0,28725,36.369016536118366
NEW YORK,NY,JEFFERSON,36045.0,16326.0,26417.0,42843,23.553439301636207
NEW YORK,NY,KINGS,36047.0,601265.0,233964.0,847934,-43.31716855321287
NEW YORK,NY,LEWIS,36049.0,3600.0,9353.0,12966,44.369890482801175
NEW YORK,NY,LIVINGSTON,36051.0,12148.0,18780.0,31035,21.369421620750764
NEW YORK,NY,MADISON,36053.0,14629.0,19025.0,33814,13.000532323889512
NEW YORK,NY,MONROE,36055.0,214757.0,145940.0,362715,-18.972747198213476
NEW YORK,NY,MONTGOMERY,36057.0,7356.0,13286.0,20712,28.630745461568175
NEW YORK,NY,NASSAU,36059.0,338424.0,368117.0,712299,4.1686145846056215
NEW YORK,NY,NEW YORK,36061.0,533782.0,113921.0,654372,-64.16243360045968
NEW YORK,NY,NIAGARA,36063.0,43438.0,58678.0,102431,14.878308324628286
NEW YORK,NY,ONEIDA,36065.0,39415.0,60687.0,100258,21.217259470565942
NEW YORK,NY,ONONDAGA,36067.0,133155.0,93916.0,228381,-17.181376734491923
NEW YORK,NY,ONTARIO,36069.0,29520.0,30221.0,59987,1.1685865270808675
NEW YORK,NY,ORANGE,36071.0,80253.0,94936.0,175660,8.35876124331094
NEW YORK,NY,ORLEANS,36073.0,5366.0,12659.0,18071,40.35747883349012
NEW YORK,NY,OSWEGO,36075.0,20483.0,33548.0,54163,24.121632848992856
NEW YORK,NY,OTSEGO,36077.0,13031.0,15256.0,28436,7.8245885497257
NEW YORK,NY,PUTNAM,36079.0,23956.0,31553.0,55765,13.623240383753249
NEW YORK,NY,QUEENS,36081.0,437282.0,264628.0,712191,-24.242654007141343
NEW YORK,NY,RENSSELAER,36083.0,39668.0,38601.0,78736,-1.3551615525299736
NEW YORK,NY,RICHMOND,36085.0,69345.0,128151.0,199620,29.458972046889087
NEW YORK,NY,ROCKLAND,36087.0,65880.0,83543.0,150072,11.7696838850685
NEW YORK,NY,SARATOGA,36091.0,66321.0,63940.0,130812,-1.8201694034186466
NEW YORK,NY,SCHENECTADY,36093.0,39733.0,31975.0,72165,-10.75036374974018
NEW YORK,NY,SCHOHARIE,36095.0,5547.0,10423.0,16042,30.395212567011594
NEW YORK,NY,SCHUYLER,36097.0,3736.0,5717.0,9486,20.883407126291374
NEW YORK,NY,SENECA,36099.0,6610.0,8379.0,15034,11.766662232273513
NEW YORK,NY,ST LAWRENCE,36089.0,18010.0,25919.0,44026,17.96438468177895
NEW YORK,NY,STEUBEN,36101.0,15413.0,29777.0,45344,31.67784050811574
NEW YORK,NY,SUFFOLK,36103.0,341812.0,417549.0,762849,9.928177135973176
NEW YORK,NY,SULLIVAN,36105.0,14549.0,20386.0,35062,16.647652729450687
NEW YORK,NY,TIOGA,36107.0,9437.0,15038.0,24559,22.806303188240566
NEW YORK,NY,TOMPKINS,36109.0,34631.0,11354.0,46532,-50.023639645835125
NEW YORK,NY,ULSTER,36111.0,57974.0,39743.0,98534,-18.50224288063004
NEW YORK,NY,WARREN,36113.0,17099.0,18606.0,35829,4.206090038795389
NEW YORK,NY,WASHINGTON,36115.0,11224.0,17268.0,28586,21.14321695935073
NEW YORK,NY,WAYNE,36117.0,17056.0,27286.0,44443,23.018248093063022
NEW YORK,NY,WESTCHESTER,36119.0,287434.0,167795.0,457838,-26.131295349009914
NEW YORK,NY,WYOMING,36121.0,4929.0,14112.0,19041,48.22750905939814
NEW YORK,NY,YATES,36123.0,4401.0,6098.0,10542,16.09751470309239
OHIO,OH,ADAMS,39001.0,2098.0,10269.0,12429,65.7414112157052
OHIO,OH,ALLEN,39003.0,12754.0,33201.0,46369,44.09627121568289
OHIO,OH,ASHLAND,39005.0,6544.0,19863.0,26663,49.95311855380115
OHIO,OH,ASHTABULA,39007.0,15345.0,27656.0,43374,28.383363305205883
OHIO,OH,ATHENS,39009.0,14134.0,11369.0,25776,-10.727032898820609
OHIO,OH,AUGLAIZE,39011.0,4442.0,20988.0,25629,64.55967848921144
OHIO,OH,BELMONT,39013.0,8080.0,22758.0,31037,47.29194187582563
OHIO,OH,BROWN,39015.0,4069.0,17257.0,21444,61.499720201454956
OHIO,OH,BUTLER,39017.0,66713.0,114831.0,183197,26.265713958198006
OHIO,OH,CARROLL,39019.0,3071.0,10634.0,13819,54.72899630942904
OHIO,OH,CHAMPAIGN,39021.0,4944.0,15334.0,20475,50.74481074481074
OHIO,OH,CLARK,39023.0,21847.0,40403.0,62855,29.52191551984727
OHIO,OH,CLERMONT,39025.0,36130.0,76964.0,114143,35.77442331110975
OHIO,OH,CLINTON,39027.0,4633.0,15984.0,20779,54.627267914721585
OHIO,OH,COLUMBIANA,39029.0,12064.0,35607.0,48053,48.99381932449587
OHIO,OH,COSHOCTON,39031.0,3835.0,12362.0,16337,52.19440533757728
OHIO,OH,CRAWFORD,39033.0,4683.0,15402.0,20245,52.946406520128434
OHIO,OH,CUYAHOGA,39035.0,376384.0,195164.0,576520,-31.433428155137722
OHIO,OH,DARKE,39037.0,4583.0,22234.0,27002,65.36923190874751
OHIO,OH,DEFIANCE,39039.0,5667.0,13302.0,19156,39.85696387554813
OHIO,OH,DELAWARE,39041.0,61657.0,70448.0,133392,6.590350245891807
OHIO,OH,ERIE,39043.0,16871.0,22493.0,39749,14.14375204407658
OHIO,OH,FAIRFIELD,39045.0,31695.0,51999.0,84457,24.04063606332216
OHIO,OH,FAYETTE,39047.0,2773.0,9706.0,12571,55.150743775355984
OHIO,OH,FRANKLIN,39049.0,380518.0,210830.0,598225,-28.36524718960257
OHIO,OH,FULTON,39051.0,6374.0,15893.0,22454,42.393337489979515
OHIO,OH,GALLIA,39053.0,2592.0,10314.0,13002,59.390862944162436
OHIO,OH,GEAUGA,39055.0,20604.0,33844.0,54894,24.11921157139214
OHIO,OH,GREENE,39057.0,35575.0,53399.0,90041,19.795426527915062
OHIO,OH,GUERNSEY,39059.0,4154.0,13314.0,17601,52.042497585364465
OHIO,OH,HAMILTON,39061.0,233360.0,172365.0,410085,-14.873745686869796
OHIO,OH,HANCOCK,39063.0,11467.0,26052.0,37943,38.43923780407453
OHIO,OH,HARDIN,39065.0,2863.0,9911.0,12893,54.66532226789731
OHIO,OH,HARRISON,39067.0,1559.0,5484.0,7110,55.20393811533052
OHIO,OH,HENRY,39069.0,3905.0,10873.0,14912,46.727467811158796
OHIO,OH,HIGHLAND,39071.0,3609.0,16269.0,19987,63.341171761645064
OHIO,OH,HOCKING,39073.0,3704.0,9679.0,13489,44.29535176810735
OHIO,OH,HOLMES,39075.0,1854.0,10384.0,12335,69.15281718686664
OHIO,OH,HURON,39077.0,7496.0,19484.0,27216,44.047619047619044
OHIO,OH,JACKSON,39079.0,2953.0,11249.0,14287,58.06677399034087
OHIO,OH,JEFFERSON,39081.0,8592.0,22317.0,31267,43.89612051044232
OHIO,OH,KNOX,39083.0,8698.0,23112.0,32104,44.89783204585098
OHIO,OH,LAKE,39085.0,54484.0,72924.0,128579,14.34137767442584
OHIO,OH,LAWRENCE,39087.0,6514.0,20013.0,26713,50.53344813386741
OHIO,OH,LICKING,39089.0,32832.0,61359.0,95060,30.009467704607616
OHIO,OH,LOGAN,39091.0,5027.0,18182.0,23406,56.203537554473215
OHIO,OH,LORAIN,39093.0,74207.0,83297.0,159007,5.716729452162483
OHIO,OH,LUCAS,39095.0,106320.0,82398.0,190609,-12.55029930381042
OHIO,OH,MADISON,39097.0,5713.0,14737.0,20669,43.65958682084281
OHIO,OH,MAHONING,39099.0,50636.0,61249.0,112705,9.41661860609556
OHIO,OH,MARION,39101.0,7902.0,19219.0,27359,41.364815965495815
OHIO,OH,MEDINA,39103.0,39771.0,66308.0,107045,24.790508664580315
OHIO,OH,MEIGS,39105.0,2202.0,8127.0,10400,56.97115384615385
OHIO,OH,MERCER,39107.0,3865.0,19710.0,23753,66.70736328042773
OHIO,OH,MIAMI,39109.0,15969.0,42677.0,59188,45.124011623977836
OHIO,OH,MONROE,39111.0,1336.0,5396.0,6796,59.74102413184226
OHIO,OH,MONTGOMERY,39113.0,126767.0,125566.0,254837,-0.4712816427755781
OHIO,OH,MORGAN,39115.0,1560.0,5168.0,6782,53.199646122087884
OHIO,OH,MORROW,39117.0,4100.0,14609.0,18857,55.72996765127009
OHIO,OH,MUSKINGUM,39119.0,10874.0,28147.0,39331,43.917012026137144
OHIO,OH,NOBLE,39121.0,1069.0,5050.0,6161,64.616133744522
OHIO,OH,OTTAWA,39123.0,8866.0,14872.0,23960,25.06677796327212
OHIO,OH,PAULDING,39125.0,1987.0,7203.0,9277,56.22507276059071
OHIO,OH,PERRY,39127.0,3800.0,13062.0,16992,54.50800376647834
OHIO,OH,PICKAWAY,39129.0,7397.0,21607.0,29280,48.53142076502732
OHIO,OH,PIKE,39131.0,2793.0,9352.0,12218,53.683090522180386
OHIO,OH,PORTAGE,39133.0,34759.0,47681.0,83226,15.526398000624805
OHIO,OH,PREBLE,39135.0,4343.0,17146.0,21656,59.11987439970447
OHIO,OH,PUTNAM,39137.0,2996.0,16576.0,19758,68.73165300131592
OHIO,OH,RICHLAND,39139.0,16591.0,41298.0,58362,42.33405297967856
OHIO,OH,ROSS,39141.0,9846.0,22801.0,32932,39.33863719178914
OHIO,OH,SANDUSKY,39143.0,10139.0,19311.0,29716,30.86552698882757
OHIO,OH,SCIOTO,39145.0,8021.0,22978.0,31180,47.96985246953175
OHIO,OH,SENECA,39147.0,7765.0,17241.0,25263,37.509401100423545
OHIO,OH,SHELBY,39149.0,4350.0,20740.0,25288,64.81335020563112
OHIO,OH,STARK,39151.0,71090.0,111478.0,184193,21.92700048318883
OHIO,OH,SUMMIT,39153.0,145005.0,125910.0,273571,-6.979906495937069
OHIO,OH,TRUMBULL,39155.0,39758.0,55983.0,96532,16.807897899142255
OHIO,OH,TUSCARAWAS,39157.0,12032.0,30652.0,43023,43.27917625456151
OHIO,OH,UNION,39159.0,12934.0,23982.0,37301,29.618508887161205
OHIO,OH,VAN WERT,39161.0,3000.0,11616.0,14729,58.49684296286238
OHIO,OH,VINTON,39163.0,1169.0,4531.0,5738,58.59184384803068
OHIO,OH,WARREN,39165.0,47128.0,91132.0,139619,31.517200381036965
OHIO,OH,WASHINGTON,39167.0,8600.0,22161.0,31000,43.745161290322585
OHIO,OH,WAYNE,39169.0,15898.0,36764.0,53150,39.258701787394166
OHIO,OH,WILLIAMS,39171.0,4644.0,13461.0,18275,48.24623803009576
OHIO,OH,WOOD,39173.0,30016.0,36877.0,67586,10.1515106678898
OHIO,OH,WYANDOT,39175.0,2731.0,8564.0,11390,51.21158911325724
OKLAHOMA,OK,ADAIR,40001.0,2578.0,11720.0,7256,125.99228224917309
OKLAHOMA,OK,ALFALFA,40003.0,472.0,3782.0,2160,153.24074074074073
OKLAHOMA,OK,ATOKA,40005.0,1558.0,9664.0,5662,143.16495937831155
OKLAHOMA,OK,BEAVER,40007.0,316.0,3876.0,2124,167.60828625235405
OKLAHOMA,OK,BECKHAM,40009.0,2186.0,12948.0,7678,140.1667100807502
OKLAHOMA,OK,BLAINE,40011.0,1342.0,6108.0,3786,125.88483888008453
OKLAHOMA,OK,BRYAN,40013.0,7138.0,27998.0,17812,117.1120592858747
OKLAHOMA,OK,CADDO,40015.0,4828.0,13772.0,9496,94.18702611625947
OKLAHOMA,OK,CANADIAN,40017.0,42076.0,101102.0,73074,80.77565207871473
OKLAHOMA,OK,CARTER,40019.0,8554.0,29890.0,19488,109.48275862068965
OKLAHOMA,OK,CHEROKEE,40021.0,11652.0,23274.0,17823,65.20787746170679
OKLAHOMA,OK,CHOCTAW,40023.0,1888.0,9266.0,5639,130.8388012058876
OKLAHOMA,OK,CIMARRON,40025.0,132.0,1720.0,935,169.83957219251337
OKLAHOMA,OK,CLEVELAND,40027.0,98864.0,134450.0,119294,29.83050279142287
OKLAHOMA,OK,COAL,40029.0,690.0,4310.0,2538,142.6319936958235
OKLAHOMA,OK,COMANCHE,40031.0,25646.0,41646.0,34284,46.6690001166725
OKLAHOMA,OK,COTTON,40033.0,784.0,4134.0,2506,133.67916999201915
OKLAHOMA,OK,CRAIG,40035.0,2424.0,9480.0,6056,116.5125495376486
OKLAHOMA,OK,CREEK,40037.0,13286.0,48196.0,31312,111.49080224833929
OKLAHOMA,OK,CUSTER,40039.0,4558.0,15386.0,10168,106.49095200629426
OKLAHOMA,OK,DELAWARE,40041.0,6950.0,28814.0,18108,120.74221338634858
OKLAHOMA,OK,DEWEY,40043.0,418.0,3968.0,2215,160.2708803611738
OKLAHOMA,OK,ELLIS,40045.0,394.0,3170.0,1812,153.20088300220752
OKLAHOMA,OK,GARFIELD,40047.0,9698.0,33186.0,21844,107.52609412195568
OKLAHOMA,OK,GARVIN,40049.0,3604.0,18126.0,10991,132.12628514238924
OKLAHOMA,OK,GRADY,40051.0,9072.0,40756.0,25283,125.31740695328877
OKLAHOMA,OK,GRANT,40053.0,590.0,3588.0,2125,141.08235294117648
OKLAHOMA,OK,GREER,40055.0,608.0,3022.0,1836,131.4814814814815
OKLAHOMA,OK,HARMON,40057.0,330.0,1418.0,882,123.35600907029477
OKLAHOMA,OK,HARPER,40059.0,294.0,2568.0,1451,156.7195037904893
OKLAHOMA,OK,HASKELL,40061.0,1436.0,8312.0,4936,139.3030794165316
OKLAHOMA,OK,HUGHES,40063.0,1662.0,7488.0,4659,125.04829362524146
OKLAHOMA,OK,JACKSON,40065.0,3204.0,12590.0,8053,116.5528374518813
OKLAHOMA,OK,JEFFERSON,40067.0,638.0,4040.0,2375,143.2421052631579
OKLAHOMA,OK,JOHNSTON,40069.0,1368.0,6924.0,4230,131.34751773049643
OKLAHOMA,OK,KAY,40071.0,8272.0,24966.0,16913,98.70513805948087
OKLAHOMA,OK,KINGFISHER,40073.0,1846.0,11490.0,6754,142.78945809890436
OKLAHOMA,OK,KIOWA,40075.0,1316.0,5138.0,3278,116.59548505186088
OKLAHOMA,OK,LATIMER,40077.0,1362.0,6712.0,4079,131.15959794067174
OKLAHOMA,OK,LE FLORE,40079.0,6368.0,30666.0,18754,129.5616935053855
OKLAHOMA,OK,LINCOLN,40081.0,5424.0,24990.0,15465,126.51794374393792
OKLAHOMA,OK,LOGAN,40083.0,11802.0,35496.0,24149,98.11586401093213
OKLAHOMA,OK,LOVE,40085.0,1378.0,7020.0,4260,132.44131455399062
OKLAHOMA,OK,MAJOR,40093.0,654.0,6174.0,3478,158.71190339275444
OKLAHOMA,OK,MARSHALL,40095.0,2338.0,10696.0,6589,126.84777659735924
OKLAHOMA,OK,MAYES,40097.0,7058.0,27028.0,17374,114.94186715782205
OKLAHOMA,OK,MCCLAIN,40087.0,8062.0,34010.0,21397,121.26933682291909
OKLAHOMA,OK,MCCURTAIN,40089.0,3392.0,18970.0,11309,137.74869572906533
OKLAHOMA,OK,MCINTOSH,40091.0,3874.0,12774.0,8439,105.46273255125014
OKLAHOMA,OK,MURRAY,40099.0,2160.0,9378.0,5885,122.65080713678844
OKLAHOMA,OK,MUSKOGEE,40101.0,14800.0,33100.0,24357,75.13240546865377
OKLAHOMA,OK,NOBLE,40103.0,2018.0,7706.0,4957,114.74682267500505
OKLAHOMA,OK,NOWATA,40105.0,1440.0,7548.0,4561,133.91800043850031
OKLAHOMA,OK,OKFUSKEE,40107.0,1708.0,6160.0,3988,111.63490471414244
OKLAHOMA,OK,OKLAHOMA,40109.0,277538.0,287236.0,288923,3.3566036625675353
OKLAHOMA,OK,OKMULGEE,40111.0,7958.0,20200.0,14349,85.31604989894767
OKLAHOMA,OK,OSAGE,40113.0,11734.0,28808.0,20628,82.77099088617413
OKLAHOMA,OK,OTTAWA,40115.0,5022.0,16980.0,11178,106.97799248523887
OKLAHOMA,OK,PAWNEE,40117.0,2710.0,10810.0,6880,117.73255813953489
OKLAHOMA,OK,PAYNE,40119.0,21120.0,35924.0,29279,50.56183612828307
OKLAHOMA,OK,PITTSBURG,40121.0,6946.0,27682.0,17572,118.00591850671522
OKLAHOMA,OK,PONTOTOC,40123.0,7790.0,21934.0,15174,93.21207328324766
OKLAHOMA,OK,POTTAWATOMIE,40125.0,14532.0,41830.0,28774,94.87036908320012
OKLAHOMA,OK,PUSHMATAHA,40127.0,1232.0,8050.0,4702,145.00212675457252
OKLAHOMA,OK,ROGER MILLS,40129.0,320.0,3096.0,1733,160.18465089440278
OKLAHOMA,OK,ROGERS,40131.0,20292.0,71884.0,46902,109.99957357895185
OKLAHOMA,OK,SEMINOLE,40133.0,3902.0,11902.0,8044,99.45300845350572
OKLAHOMA,OK,SEQUOYAH,40135.0,5814.0,24982.0,15583,123.00583969710581
OKLAHOMA,OK,STEPHENS,40137.0,6472.0,30184.0,18620,127.3469387755102
OKLAHOMA,OK,TEXAS,40139.0,1586.0,8638.0,5206,135.45908567038035
OKLAHOMA,OK,TILLMAN,40141.0,1000.0,4012.0,2533,118.91038294512435
OKLAHOMA,OK,TULSA,40143.0,212210.0,290482.0,256939,30.46326170803187
OKLAHOMA,OK,WAGONER,40145.0,18660.0,56974.0,38501,99.51429832991352
OKLAHOMA,OK,WASHINGTON,40147.0,11586.0,33672.0,23174,95.30508328298956
OKLAHOMA,OK,WASHITA,40149.0,1102.0,8060.0,4652,149.57007738607052
OKLAHOMA,OK,WOODS,40151.0,1228.0,5910.0,3638,128.69708631115998
OKLAHOMA,OK,WOODWARD,40153.0,1934.0,12462.0,7312,143.98249452954047
OREGON,OR,BAKER,41001.0,2343.0,7060.0,9694,48.65896430781927
OREGON,OR,BENTON,41003.0,33909.0,14187.0,50232,-39.261825131390346
OREGON,OR,CLACKAMAS,41005.0,130580.0,106387.0,246240,-9.824967511371021
OREGON,OR,CLATSOP,41007.0,12533.0,9913.0,23290,-11.24946328896522
OREGON,OR,COLUMBIA,41009.0,12895.0,17227.0,31334,13.825237760898704
OREGON,OR,COOS,41011.0,13731.0,20849.0,35735,19.918847068700156
OREGON,OR,CROOK,41013.0,3836.0,12012.0,16297,50.16874271338283
OREGON,OR,CURRY,41015.0,5737.0,8000.0,14200,15.936619718309858
OREGON,OR,DESCHUTES,41017.0,68108.0,54850.0,127375,-10.408635917566242
OREGON,OR,DOUGLAS,41019.0,18386.0,41561.0,61807,37.49575290824664
OREGON,OR,GILLIAM,41021.0,291.0,805.0,1134,45.326278659611994
OREGON,OR,GRANT,41023.0,816.0,3490.0,4456,60.00897666068222
OREGON,OR,HARNEY,41025.0,797.0,3307.0,4255,58.989424206815514
OREGON,OR,HOOD RIVER,41027.0,8364.0,3854.0,12707,-35.49224836704179
OREGON,OR,JACKSON,41029.0,54065.0,61743.0,119572,6.421235740808886
OREGON,OR,JEFFERSON,41031.0,3941.0,7454.0,11750,29.89787234042553
OREGON,OR,JOSEPHINE,41033.0,16928.0,31129.0,49628,28.614894817441765
OREGON,OR,KLAMATH,41035.0,9856.0,24675.0,35515,41.72603125439955
OREGON,OR,LAKE,41037.0,681.0,3421.0,4213,65.03679088535486
OREGON,OR,LANE,41039.0,125775.0,77376.0,211285,-22.90697399247462
OREGON,OR,LINCOLN,41041.0,17112.0,11645.0,29804,-18.343175412696283
OREGON,OR,LINN,41043.0,25749.0,43078.0,71429,24.260454437273378
OREGON,OR,MALHEUR,41045.0,2884.0,7710.0,10945,44.09319323892188
OREGON,OR,MARION,41047.0,73970.0,77089.0,156691,1.9905418945568027
OREGON,OR,MORROW,41049.0,1138.0,3408.0,4732,47.97125950972105
OREGON,OR,MULTNOMAH,41051.0,325927.0,70759.0,414250,-61.597585998793
OREGON,OR,POLK,41053.0,22034.0,23768.0,47593,3.6433929359359567
OREGON,OR,SHERMAN,41055.0,233.0,890.0,1163,56.49183147033534
OREGON,OR,TILLAMOOK,41057.0,7747.0,7971.0,16252,1.3782919025350726
OREGON,OR,UMATILLA,41059.0,9251.0,20973.0,31225,37.5404323458767
OREGON,OR,UNION,41061.0,4107.0,9942.0,14574,40.0370522848909
OREGON,OR,WALLOWA,41063.0,1573.0,3366.0,5108,35.1018010963195
OREGON,OR,WASCO,41065.0,6069.0,6837.0,13391,5.735195280412217
OREGON,OR,WASHINGTON,41067.0,193013.0,92590.0,297949,-33.70476155315171
OREGON,OR,WHEELER,41069.0,210.0,618.0,868,47.004608294930875
OREGON,OR,YAMHILL,41071.0,26011.0,29536.0,57800,6.098615916955017
PENNSYLVANIA,PA,ADAMS,42001.0,39684.0,80496.0,60650,67.29101401483925
PENNSYLVANIA,PA,ALLEGHENY,42003.0,859832.0,567190.0,720504,-40.61629081864917
PENNSYLVANIA,PA,ARMSTRONG,42005.0,17106.0,56592.0,37119,106.37678816778468
PENNSYLVANIA,PA,BEAVER,42007.0,74392.0,113674.0,94843,41.417922250456016
PENNSYLVANIA,PA,BEDFORD,42009.0,8672.0,47316.0,28160,137.23011363636363
PENNSYLVANIA,PA,BERKS,42011.0,182250.0,233354.0,209838,24.35402548632755
PENNSYLVANIA,PA,BLAIR,42013.0,36254.0,92704.0,64949,86.91434818088038
PENNSYLVANIA,PA,BRADFORD,42015.0,15980.0,45874.0,31192,95.83867658373943
PENNSYLVANIA,PA,BUCKS,42017.0,396862.0,397444.0,401028,0.14512702354947785
PENNSYLVANIA,PA,BUTLER,42019.0,81322.0,159546.0,121440,64.41370223978919
PENNSYLVANIA,PA,CAMBRIA,42021.0,42354.0,98816.0,71136,79.37190733243365
PENNSYLVANIA,PA,CAMERON,42023.0,1076.0,3308.0,2219,100.58584948174854
PENNSYLVANIA,PA,CARBON,42025.0,22788.0,47416.0,35395,69.58044921599095
PENNSYLVANIA,PA,CENTRE,42027.0,82238.0,77658.0,80792,-5.668878106743242
PENNSYLVANIA,PA,CHESTER,42029.0,368562.0,274598.0,324964,-28.915202914784405
PENNSYLVANIA,PA,CLARION,42031.0,9124.0,30072.0,19733,106.15719860132774
PENNSYLVANIA,PA,CLEARFIELD,42033.0,19294.0,60962.0,40430,103.06208261192185
PENNSYLVANIA,PA,CLINTON,42035.0,10790.0,25930.0,18522,81.74063276104093
PENNSYLVANIA,PA,COLUMBIA,42037.0,22166.0,42380.0,32576,62.05181728880157
PENNSYLVANIA,PA,CRAWFORD,42039.0,25716.0,59370.0,42872,78.49878708714313
PENNSYLVANIA,PA,CUMBERLAND,42041.0,132510.0,160534.0,148396,18.884606054071536
PENNSYLVANIA,PA,DAUPHIN,42043.0,156654.0,138948.0,149526,-11.841418883672405
PENNSYLVANIA,PA,DELAWARE,42045.0,402648.0,246842.0,328172,-47.47693282790731
PENNSYLVANIA,PA,ELK,42047.0,8966.0,25086.0,17153,93.97772984317612
PENNSYLVANIA,PA,ERIE,42049.0,134912.0,137732.0,137595,2.0494930775100837
PENNSYLVANIA,PA,FAYETTE,42051.0,39096.0,87266.0,63472,75.89173178724477
PENNSYLVANIA,PA,FOREST,42053.0,1448.0,3804.0,2650,88.90566037735849
PENNSYLVANIA,PA,FRANKLIN,42055.0,47086.0,119208.0,83884,85.9782556864241
PENNSYLVANIA,PA,FULTON,42057.0,2204.0,14078.0,8177,145.21218050629815
PENNSYLVANIA,PA,GREENE,42059.0,9184.0,24638.0,17236,89.66117428637736
PENNSYLVANIA,PA,HUNTINGDON,42061.0,10736.0,35254.0,23156,105.88184487821731
PENNSYLVANIA,PA,INDIANA,42063.0,25394.0,58430.0,42229,78.23059982476497
PENNSYLVANIA,PA,JEFFERSON,42065.0,9414.0,36470.0,23129,116.97868476804013
PENNSYLVANIA,PA,JUNIATA,42067.0,4580.0,19442.0,12104,122.78585591539988
PENNSYLVANIA,PA,LACKAWANNA,42069.0,119020.0,112522.0,116590,-5.573376790462304
PENNSYLVANIA,PA,LANCASTER,42071.0,240238.0,332522.0,289257,31.90380872373011
PENNSYLVANIA,PA,LAWRENCE,42073.0,30880.0,62694.0,47110,67.53130970070049
PENNSYLVANIA,PA,LEBANON,42075.0,49468.0,96564.0,73692,63.909243879932696
PENNSYLVANIA,PA,LEHIGH,42077.0,192634.0,182414.0,189810,-5.384331700121174
PENNSYLVANIA,PA,LUZERNE,42079.0,125008.0,184888.0,156150,38.34774255523535
PENNSYLVANIA,PA,LYCOMING,42081.0,34432.0,83922.0,59685,82.91865627879702
PENNSYLVANIA,PA,MCKEAN,42083.0,10230.0,28802.0,19682,94.36032923483386
PENNSYLVANIA,PA,MERCER,42085.0,40290.0,75522.0,58410,60.31843862352338
PENNSYLVANIA,PA,MIFFLIN,42087.0,9470.0,34368.0,22071,112.80866295138416
PENNSYLVANIA,PA,MONROE,42089.0,84014.0,85352.0,85525,1.564454837766735
PENNSYLVANIA,PA,MONTGOMERY,42091.0,634206.0,396622.0,520906,-45.60976452565338
PENNSYLVANIA,PA,MONTOUR,42093.0,7724.0,11888.0,9908,42.026645135244244
PENNSYLVANIA,PA,NORTHAMPTON,42095.0,173310.0,179634.0,178215,3.548522851611817
PENNSYLVANIA,PA,NORTHUMBERLAND,42097.0,25726.0,60480.0,43522,79.85386700978815
PENNSYLVANIA,PA,PERRY,42099.0,12770.0,38146.0,25725,98.64334305150632
PENNSYLVANIA,PA,PHILADELPHIA,42101.0,1137142.0,288622.0,721441,-117.61460743151552
PENNSYLVANIA,PA,PIKE,42103.0,26264.0,43074.0,34950,48.09728183118741
PENNSYLVANIA,PA,POTTER,42105.0,3350.0,14668.0,9085,124.5789763346175
PENNSYLVANIA,PA,SCHUYLKILL,42107.0,41764.0,103330.0,73184,84.12494534324443
PENNSYLVANIA,PA,SNYDER,42109.0,10478.0,29328.0,20038,94.0712645972652
PENNSYLVANIA,PA,SOMERSET,42111.0,17192.0,63986.0,40881,114.46393189990461
PENNSYLVANIA,PA,SULLIVAN,42113.0,1952.0,5442.0,3721,93.79199140016125
PENNSYLVANIA,PA,SUSQUEHANNA,42115.0,12186.0,32228.0,22404,89.45723977861097
PENNSYLVANIA,PA,TIOGA,42117.0,10200.0,32544.0,21587,103.50674016769352
PENNSYLVANIA,PA,UNION,42119.0,16030.0,25938.0,21188,46.7623182933736
PENNSYLVANIA,PA,VENANGO,42121.0,15248.0,37766.0,26732,84.23612150231932
PENNSYLVANIA,PA,WARREN,42123.0,12424.0,28690.0,20723,78.49249626019399
PENNSYLVANIA,PA,WASHINGTON,42125.0,89820.0,151858.0,121617,51.0109606387265
PENNSYLVANIA,PA,WAYNE,42127.0,18300.0,40142.0,29444,74.1814970792012
PENNSYLVANIA,PA,WESTMORELAND,42129.0,149808.0,270016.0,211450,56.849373374320166
PENNSYLVANIA,PA,WYOMING,42131.0,9360.0,20444.0,15052,73.63805474355567
PENNSYLVANIA,PA,YORK,42133.0,183852.0,309768.0,249210,50.526062357048275
RHODE ISLAND,RI,BRISTOL,44001.0,17458.0,10048.0,28335,-26.151402858655377
RHODE ISLAND,RI,KENT,44003.0,46269.0,44526.0,93148,-1.8712156997466398
RHODE ISLAND,RI,NEWPORT,44005.0,27332.0,16027.0,44618,-25.33730781299027
RHODE ISLAND,RI,PROVIDENCE,44007.0,150102.0,112443.0,269679,-13.964379873850023
RHODE ISLAND,RI,WASHINGTON,44009.0,42589.0,31247.0,76036,-14.916618443894997
SOUTH CAROLINA,SC,ABBEVILLE,45001.0,6798.0,17018.0,12048,84.8273572377158
SOUTH CAROLINA,SC,AIKEN,45003.0,62596.0,107184.0,86091,51.79170877327479
SOUTH CAROLINA,SC,ALLENDALE,45005.0,4330.0,1626.0,3023,-89.44756864042343
SOUTH CAROLINA,SC,ANDERSON,45007.0,50562.0,143656.0,98296,94.70782127451778
SOUTH CAROLINA,SC,BAMBERG,45009.0,6490.0,4752.0,5694,-30.523357920618192
SOUTH CAROLINA,SC,BARNWELL,45011.0,8164.0,11210.0,9803,31.072120779353256
SOUTH CAROLINA,SC,BEAUFORT,45013.0,88004.0,118246.0,104403,28.966600576611786
SOUTH CAROLINA,SC,BERKELEY,45015.0,92832.0,129554.0,112834,32.54515482921814
SOUTH CAROLINA,SC,CALHOUN,45017.0,6678.0,8948.0,7914,28.68334596916856
SOUTH CAROLINA,SC,CHARLESTON,45019.0,222854.0,198530.0,214521,-11.33875005244242
SOUTH CAROLINA,SC,CHEROKEE,45021.0,11878.0,37394.0,24839,102.7255525584766
SOUTH CAROLINA,SC,CHESTER,45023.0,12706.0,18060.0,15556,34.417588068912316
SOUTH CAROLINA,SC,CHESTERFIELD,45025.0,13040.0,23364.0,18391,56.136153553368494
SOUTH CAROLINA,SC,CLARENDON,45027.0,14128.0,18130.0,16320,24.52205882352941
SOUTH CAROLINA,SC,COLLETON,45029.0,14752.0,21392.0,18276,36.33180126942438
SOUTH CAROLINA,SC,DARLINGTON,45031.0,25954.0,34034.0,30331,26.639411822887478
SOUTH CAROLINA,SC,DILLON,45033.0,10482.0,13052.0,11861,21.66765028243824
SOUTH CAROLINA,SC,DORCHESTER,45035.0,64978.0,87678.0,77764,29.190885242528676
SOUTH CAROLINA,SC,EDGEFIELD,45037.0,9318.0,18184.0,13919,63.69710467706013
SOUTH CAROLINA,SC,FAIRFIELD,45039.0,12554.0,9584.0,11215,-26.482389656709763
SOUTH CAROLINA,SC,FLORENCE,45041.0,55412.0,65230.0,61140,16.058227019954202
SOUTH CAROLINA,SC,GEORGETOWN,45043.0,29930.0,44652.0,37754,38.99454362451661
SOUTH CAROLINA,SC,GREENVILLE,45045.0,200148.0,317082.0,263316,44.40823952969056
SOUTH CAROLINA,SC,GREENWOOD,45047.0,21532.0,39430.0,30888,57.944832944832946
SOUTH CAROLINA,SC,HAMPTON,45049.0,8656.0,7602.0,8233,-12.802137738369975
SOUTH CAROLINA,SC,HORRY,45051.0,124650.0,283438.0,205954,77.09876962816939
SOUTH CAROLINA,SC,JASPER,45053.0,16288.0,19800.0,18227,19.268118724968453
SOUTH CAROLINA,SC,KERSHAW,45055.0,23652.0,42578.0,33533,56.43992485014762
SOUTH CAROLINA,SC,LANCASTER,45057.0,40292.0,67246.0,54427,49.523214580998406
SOUTH CAROLINA,SC,LAURENS,45059.0,17538.0,42220.0,30213,81.69331082646542
SOUTH CAROLINA,SC,LEE,45061.0,9010.0,6156.0,8076,-35.339276869737496
SOUTH CAROLINA,SC,LEXINGTON,45063.0,95630.0,193930.0,146903,66.91490303125191
SOUTH CAROLINA,SC,MARION,45067.0,14632.0,11812.0,13388,-21.06363907977293
SOUTH CAROLINA,SC,MARLBORO,45069.0,10274.0,9792.0,10152,-4.747832939322301
SOUTH CAROLINA,SC,MCCORMICK,45065.0,5026.0,7130.0,6153,34.19470177149358
SOUTH CAROLINA,SC,NEWBERRY,45071.0,11682.0,24134.0,18129,68.6855314689172
SOUTH CAROLINA,SC,OCONEE,45073.0,19974.0,63544.0,42264,103.09010032178688
SOUTH CAROLINA,SC,ORANGEBURG,45075.0,45664.0,27500.0,36970,-49.13172842845551
SOUTH CAROLINA,SC,PICKENS,45077.0,27782.0,91456.0,60451,105.33159087525435
SOUTH CAROLINA,SC,RICHLAND,45079.0,242220.0,116038.0,182411,-69.17455635899151
SOUTH CAROLINA,SC,SALUDA,45081.0,4908.0,12904.0,9014,88.70645662303083
SOUTH CAROLINA,SC,SPARTANBURG,45083.0,101420.0,206064.0,155597,67.25322467656831
SOUTH CAROLINA,SC,SUMTER,45085.0,46850.0,42430.0,45170,-9.785255700686296
SOUTH CAROLINA,SC,UNION,45087.0,8168.0,16204.0,12289,65.39181381723492
SOUTH CAROLINA,SC,WILLIAMSBURG,45089.0,17268.0,11048.0,14330,-43.40544312630845
SOUTH CAROLINA,SC,YORK,45091.0,119200.0,176478.0,150059,38.17031967426146
SOUTH DAKOTA,SD,AURORA,46003.0,302.0,1056.0,1393,54.12778176597271
SOUTH DAKOTA,SD,BEADLE,46005.0,2017.0,4826.0,7010,40.07132667617689
SOUTH DAKOTA,SD,BENNETT,46007.0,389.0,676.0,1088,26.378676470588236
SOUTH DAKOTA,SD,BON HOMME,46009.0,697.0,2236.0,2992,51.43716577540107
SOUTH DAKOTA,SD,BROOKINGS,46011.0,5978.0,8575.0,14939,17.384028382087156
SOUTH DAKOTA,SD,BROWN,46013.0,6075.0,10645.0,17043,26.814527958692718
SOUTH DAKOTA,SD,BRULE,46015.0,666.0,1694.0,2423,42.4267437061494
SOUTH DAKOTA,SD,BUFFALO,46017.0,291.0,164.0,466,-27.253218884120173
SOUTH DAKOTA,SD,BUTTE,46019.0,942.0,4024.0,5082,60.645415190869734
SOUTH DAKOTA,SD,CAMPBELL,46021.0,120.0,706.0,836,70.09569377990431
SOUTH DAKOTA,SD,CHARLES MIX,46023.0,1000.0,2551.0,3615,42.904564315352694
SOUTH DAKOTA,SD,CLARK,46025.0,415.0,1382.0,1842,52.49728555917481
SOUTH DAKOTA,SD,CLAY,46027.0,2944.0,2574.0,5657,-6.540569206293088
SOUTH DAKOTA,SD,CODINGTON,46029.0,3840.0,9349.0,13510,40.77720207253886
SOUTH DAKOTA,SD,CORSON,46031.0,495.0,631.0,1143,11.89851268591426
SOUTH DAKOTA,SD,CUSTER,46033.0,1567.0,4313.0,6001,45.75904015997334
SOUTH DAKOTA,SD,DAVISON,46035.0,2743.0,6208.0,9177,37.75743707093822
SOUTH DAKOTA,SD,DAY,46037.0,1000.0,1876.0,2932,29.877216916780352
SOUTH DAKOTA,SD,DEUEL,46039.0,528.0,1717.0,2298,51.74064403829417
SOUTH DAKOTA,SD,DEWEY,46041.0,1032.0,793.0,1871,-12.77391769107429
SOUTH DAKOTA,SD,DOUGLAS,46043.0,219.0,1419.0,1658,72.37635705669481
SOUTH DAKOTA,SD,EDMUNDS,46045.0,384.0,1618.0,2031,60.75824716888233
SOUTH DAKOTA,SD,FALL RIVER,46047.0,1030.0,3135.0,4274,49.251286850725315
SOUTH DAKOTA,SD,FAULK,46049.0,183.0,920.0,1130,65.22123893805309
SOUTH DAKOTA,SD,GRANT,46051.0,946.0,2594.0,3630,45.39944903581267
SOUTH DAKOTA,SD,GREGORY,46053.0,426.0,1790.0,2267,60.16762240846935
SOUTH DAKOTA,SD,HAAKON,46055.0,105.0,1004.0,1125,79.91111111111111
SOUTH DAKOTA,SD,HAMLIN,46057.0,610.0,2560.0,3226,60.44637321760694
SOUTH DAKOTA,SD,HAND,46059.0,365.0,1376.0,1764,57.31292517006803
SOUTH DAKOTA,SD,HANSON,46061.0,399.0,1611.0,2046,59.2375366568915
SOUTH DAKOTA,SD,HARDING,46063.0,48.0,754.0,820,86.09756097560975
SOUTH DAKOTA,SD,HUGHES,46065.0,2838.0,5379.0,8435,30.12448132780083
SOUTH DAKOTA,SD,HUTCHINSON,46067.0,755.0,2918.0,3736,57.896145610278374
SOUTH DAKOTA,SD,HYDE,46069.0,148.0,530.0,695,54.96402877697841
SOUTH DAKOTA,SD,JACKSON,46071.0,357.0,753.0,1129,35.075287865367585
SOUTH DAKOTA,SD,JERAULD,46073.0,276.0,708.0,999,43.24324324324324
SOUTH DAKOTA,SD,JONES,46075.0,60.0,477.0,550,75.81818181818181
SOUTH DAKOTA,SD,KINGSBURY,46077.0,760.0,1989.0,2801,43.87718671902891
SOUTH DAKOTA,SD,LAKE,46079.0,1978.0,3819.0,5906,31.171689806975955
SOUTH DAKOTA,SD,LAWRENCE,46081.0,5074.0,9904.0,15409,31.345317671490687
SOUTH DAKOTA,SD,LINCOLN,46083.0,12981.0,22621.0,36393,26.488610447063998
SOUTH DAKOTA,SD,LYMAN,46085.0,422.0,993.0,1447,39.46095369730477
SOUTH DAKOTA,SD,MARSHALL,46091.0,782.0,1288.0,2109,23.992413466097677
SOUTH DAKOTA,SD,MCCOOK,46087.0,733.0,2227.0,3031,49.29066314747608
SOUTH DAKOTA,SD,MCPHERSON,46089.0,188.0,1087.0,1299,69.20708237105467
SOUTH DAKOTA,SD,MEADE,46093.0,3421.0,10887.0,14672,50.88604143947656
SOUTH DAKOTA,SD,MELLETTE,46095.0,285.0,434.0,740,20.135135135135133
SOUTH DAKOTA,SD,MINER,46097.0,293.0,841.0,1167,46.95801199657241
SOUTH DAKOTA,SD,MINNEHAHA,46099.0,39923.0,51842.0,93986,12.681675994297024
SOUTH DAKOTA,SD,MOODY,46101.0,1052.0,2068.0,3189,31.859517089996864
SOUTH DAKOTA,SD,OGLALA LAKOTA,46113.0,2567.0,406.0,3062,-70.57478772044415
SOUTH DAKOTA,SD,PENNINGTON,46103.0,20051.0,35009.0,56580,26.43690349946978
SOUTH DAKOTA,SD,PERKINS,46105.0,228.0,1342.0,1591,70.0188560653677
SOUTH DAKOTA,SD,POTTER,46107.0,214.0,1059.0,1298,65.10015408320493
SOUTH DAKOTA,SD,ROBERTS,46109.0,1560.0,2514.0,4149,22.99349240780911
SOUTH DAKOTA,SD,SANBORN,46111.0,259.0,929.0,1212,55.28052805280528
SOUTH DAKOTA,SD,SPINK,46115.0,921.0,2145.0,3139,38.99330997132845
SOUTH DAKOTA,SD,STANLEY,46117.0,447.0,1260.0,1735,46.85878962536023
SOUTH DAKOTA,SD,SULLY,46119.0,168.0,716.0,901,60.82130965593785
SOUTH DAKOTA,SD,TODD,46121.0,1570.0,497.0,2126,-50.47036688617121
SOUTH DAKOTA,SD,TRIPP,46123.0,470.0,2150.0,2654,63.300678221552374
SOUTH DAKOTA,SD,TURNER,46125.0,1044.0,3374.0,4538,51.344204495372416
SOUTH DAKOTA,SD,UNION,46127.0,2548.0,6160.0,8876,40.694006309148264
SOUTH DAKOTA,SD,WALWORTH,46129.0,481.0,1940.0,2466,59.164639091646386
SOUTH DAKOTA,SD,YANKTON,46135.0,3883.0,6650.0,10832,25.54468242245199
SOUTH DAKOTA,SD,ZIEBACH,46137.0,366.0,388.0,781,2.8169014084507045
TENNESSEE,TN,ANDERSON,47001.0,11525.0,24582.0,36548,35.72562110101784
TENNESSEE,TN,BEDFORD,47003.0,4122.0,15772.0,20090,57.98904927824788
TENNESSEE,TN,BENTON,47005.0,1317.0,5886.0,7260,62.933884297520656
TENNESSEE,TN,BLEDSOE,47007.0,891.0,5254.0,6191,70.47326764658375
TENNESSEE,TN,BLOUNT,47009.0,17664.0,50699.0,69224,47.72188836241766
TENNESSEE,TN,BRADLEY,47011.0,9852.0,38836.0,49246,58.85554156682776
TENNESSEE,TN,CAMPBELL,47013.0,2305.0,13115.0,15528,69.61617722823287
TENNESSEE,TN,CANNON,47015.0,1132.0,5682.0,6881,66.12410986775178
TENNESSEE,TN,CARROLL,47017.0,2233.0,9547.0,11882,61.555293721595696
TENNESSEE,TN,CARTER,47019.0,4454.0,20167.0,24852,63.226299694189606
TENNESSEE,TN,CHEATHAM,47021.0,5464.0,14987.0,20741,45.91389036208476
TENNESSEE,TN,CHESTER,47023.0,1286.0,6206.0,7577,64.9333509304474
TENNESSEE,TN,CLAIBORNE,47025.0,1971.0,11463.0,13534,70.13447613418057
TENNESSEE,TN,CLAY,47027.0,614.0,3117.0,3760,66.56914893617021
TENNESSEE,TN,COCKE,47029.0,2415.0,13105.0,15663,68.25001596118241
TENNESSEE,TN,COFFEE,47031.0,5440.0,19174.0,24932,55.08583346703032
TENNESSEE,TN,CROCKETT,47033.0,1196.0,4674.0,5921,58.740077689579465
TENNESSEE,TN,CUMBERLAND,47035.0,6996.0,27399.0,34642,58.896714970267304
TENNESSEE,TN,DAVIDSON,47037.0,181862.0,102256.0,290036,-27.446937621536637
TENNESSEE,TN,DECATUR,47039.0,819.0,4596.0,5466,69.09989023051591
TENNESSEE,TN,DEKALB,47041.0,1706.0,7599.0,9396,62.718177948063
TENNESSEE,TN,DICKSON,47043.0,5913.0,19002.0,25204,51.93223297889224
TENNESSEE,TN,DYER,47045.0,2707.0,11603.0,14394,61.803529248297906
TENNESSEE,TN,FAYETTE,47047.0,6720.0,16756.0,23696,42.35313977042539
TENNESSEE,TN,FENTRESS,47049.0,1149.0,8555.0,9771,75.79572203459216
TENNESSEE,TN,FRANKLIN,47051.0,4529.0,15016.0,19728,53.15794809407948
TENNESSEE,TN,GIBSON,47053.0,5100.0,16346.0,21648,51.94937176644494
TENNESSEE,TN,GILES,47055.0,2974.0,10394.0,13487,55.01594127678505
TENNESSEE,TN,GRAINGER,47057.0,1432.0,9630.0,11130,73.65678346810422
TENNESSEE,TN,GREENE,47059.0,5145.0,25586.0,31095,65.73725679369674
TENNESSEE,TN,GRUNDY,47061.0,948.0,5334.0,6328,69.3109987357775
TENNESSEE,TN,HAMBLEN,47063.0,5132.0,20154.0,25501,58.90749382377162
TENNESSEE,TN,HAMILTON,47065.0,74437.0,97195.0,174438,13.046469232621332
TENNESSEE,TN,HANCOCK,47067.0,334.0,2558.0,2908,76.47867950481431
TENNESSEE,TN,HARDEMAN,47069.0,3527.0,5793.0,9399,24.108947760400042
TENNESSEE,TN,HARDIN,47071.0,1704.0,10293.0,12094,71.01868695220772
TENNESSEE,TN,HAWKINS,47073.0,3987.0,22066.0,26266,68.83042716820223
TENNESSEE,TN,HAYWOOD,47075.0,3311.0,3286.0,6652,-0.375826819001804
TENNESSEE,TN,HENDERSON,47077.0,1902.0,10083.0,12047,67.90902299327634
TENNESSEE,TN,HENRY,47079.0,3286.0,11629.0,15076,55.33961262934466
TENNESSEE,TN,HICKMAN,47081.0,1968.0,8265.0,10309,61.08254922882917
TENNESSEE,TN,HOUSTON,47083.0,773.0,2989.0,3810,58.16272965879266
TENNESSEE,TN,HUMPHREYS,47085.0,1767.0,6400.0,8264,56.062439496611816
TENNESSEE,TN,JACKSON,47087.0,1040.0,4586.0,5676,62.473572938689216
TENNESSEE,TN,JEFFERSON,47089.0,4503.0,21068.0,25815,64.1681193104784
TENNESSEE,TN,JOHNSON,47091.0,1212.0,6829.0,8102,69.32856084917304
TENNESSEE,TN,KNOX,47093.0,87516.0,130815.0,221864,19.51600980781019
TENNESSEE,TN,LAKE,47095.0,429.0,1493.0,1939,54.87364620938629
TENNESSEE,TN,LAUDERDALE,47097.0,2571.0,5633.0,8266,37.04330994435035
TENNESSEE,TN,LAWRENCE,47099.0,2939.0,16429.0,19533,69.06261198996569
TENNESSEE,TN,LEWIS,47101.0,991.0,4852.0,5890,65.55178268251274
TENNESSEE,TN,LINCOLN,47103.0,2782.0,13208.0,16128,64.6453373015873
TENNESSEE,TN,LOUDON,47105.0,7625.0,25226.0,33209,53.00069258333584
TENNESSEE,TN,MACON,47111.0,1277.0,8958.0,10333,74.33465595664376
TENNESSEE,TN,MADISON,47113.0,16115.0,23385.0,39964,18.19137223501151
TENNESSEE,TN,MARION,47115.0,3026.0,10788.0,13933,55.70946673365391
TENNESSEE,TN,MARSHALL,47117.0,3390.0,12426.0,15962,56.60944743766445
TENNESSEE,TN,MAURY,47119.0,14145.0,37376.0,52090,44.597811480130545
TENNESSEE,TN,MCMINN,47107.0,4207.0,19673.0,24072,64.24891990694583
TENNESSEE,TN,MCNAIRY,47109.0,1727.0,9437.0,11267,68.42992810863583
TENNESSEE,TN,MEIGS,47121.0,968.0,5085.0,6099,67.50286932283981
TENNESSEE,TN,MONROE,47123.0,3608.0,18526.0,22323,66.82793531335393
TENNESSEE,TN,MONTGOMERY,47125.0,32736.0,47795.0,81755,18.419668521802947
TENNESSEE,TN,MOORE,47127.0,542.0,3060.0,3654,68.91078270388616
TENNESSEE,TN,MORGAN,47129.0,1054.0,7427.0,8560,74.45093457943925
TENNESSEE,TN,OBION,47131.0,2221.0,10596.0,12900,64.92248062015504
TENNESSEE,TN,OVERTON,47133.0,1931.0,9042.0,11069,64.24247899539253
TENNESSEE,TN,PERRY,47135.0,558.0,3139.0,3716,69.45640473627557
TENNESSEE,TN,PICKETT,47137.0,487.0,2441.0,2954,66.14759647935003
TENNESSEE,TN,POLK,47139.0,1356.0,7302.0,8727,68.13337916809901
TENNESSEE,TN,PUTNAM,47141.0,8991.0,25554.0,34939,47.40547811900741
TENNESSEE,TN,RHEA,47143.0,2312.0,11974.0,14444,66.89282747161451
TENNESSEE,TN,ROANE,47145.0,6073.0,21011.0,27412,54.49438202247191
TENNESSEE,TN,ROBERTSON,47147.0,8428.0,26260.0,35070,50.84687767322498
TENNESSEE,TN,RUTHERFORD,47149.0,56656.0,88811.0,147656,21.776968087988298
TENNESSEE,TN,SCOTT,47151.0,942.0,8608.0,9605,79.81259760541384
TENNESSEE,TN,SEQUATCHIE,47153.0,1292.0,6522.0,7890,66.28643852978455
TENNESSEE,TN,SEVIER,47155.0,8322.0,35207.0,43970,61.143961792130995
TENNESSEE,TN,SHELBY,47157.0,201759.0,118917.0,326497,-25.37297433054515
TENNESSEE,TN,SMITH,47159.0,1595.0,7655.0,9336,64.91002570694087
TENNESSEE,TN,STEWART,47161.0,1160.0,5389.0,6620,63.8821752265861
TENNESSEE,TN,SULLIVAN,47163.0,16624.0,58154.0,75541,54.976767583166755
TENNESSEE,TN,SUMNER,47165.0,27874.0,68767.0,97761,41.82956393653911
TENNESSEE,TN,TIPTON,47167.0,6178.0,20303.0,26733,52.83731717353084
TENNESSEE,TN,TROUSDALE,47169.0,856.0,3359.0,4251,58.88026346741944
TENNESSEE,TN,UNICOI,47171.0,1578.0,6876.0,8541,62.03020723568669
TENNESSEE,TN,UNION,47173.0,1216.0,7384.0,8669,71.15007497981313
TENNESSEE,TN,VAN BUREN,47175.0,524.0,2718.0,3265,67.19754977029096
TENNESSEE,TN,WARREN,47177.0,3647.0,13192.0,17015,56.09756097560976
TENNESSEE,TN,WASHINGTON,47179.0,18131.0,42299.0,61234,39.46826926217461
TENNESSEE,TN,WAYNE,47181.0,762.0,6016.0,6831,76.91406821841605
TENNESSEE,TN,WEAKLEY,47183.0,2725.0,10541.0,13394,58.354487083768845
TENNESSEE,TN,WHITE,47185.0,2105.0,10717.0,12931,66.59964426571804
TENNESSEE,TN,WILLIAMSON,47187.0,47695.0,94562.0,144668,32.39624519589681
TENNESSEE,TN,WILSON,47189.0,23855.0,56425.0,81254,40.08418047111527
TEXAS,TX,ANDERSON,48001.0,6312.0,27163.0,19358,107.71257361297654
TEXAS,TX,ANDREWS,48003.0,1407.0,9412.0,6060,132.0957095709571
TEXAS,TX,ANGELINA,48005.0,14246.0,46949.0,34422,95.00610074952066
TEXAS,TX,ARANSAS,48007.0,5263.0,18743.0,13031,103.44562965236743
TEXAS,TX,ARCHER,48009.0,917.0,8137.0,5132,140.6858924395947
TEXAS,TX,ARMSTRONG,48011.0,138.0,1872.0,1109,156.3570784490532
TEXAS,TX,ATASCOSA,48013.0,8931.0,23119.0,18444,76.92474517458253
TEXAS,TX,AUSTIN,48015.0,4971.0,22475.0,15383,113.78794773451213
TEXAS,TX,BAILEY,48017.0,541.0,2397.0,1741,106.60539919586445
TEXAS,TX,BANDERA,48019.0,4692.0,20246.0,13600,114.36764705882352
TEXAS,TX,BASTROP,48021.0,29061.0,42001.0,39806,32.50766216148319
TEXAS,TX,BAYLOR,48023.0,326.0,2711.0,1675,142.38805970149252
TEXAS,TX,BEE,48025.0,4557.0,10692.0,8790,69.7952218430034
TEXAS,TX,BELL,48027.0,96159.0,133602.0,130662,28.656380585020898
TEXAS,TX,BEXAR,48029.0,747781.0,603686.0,758323,-19.001797387129233
TEXAS,TX,BLANCO,48031.0,3717.0,12003.0,8523,97.21928898275254
TEXAS,TX,BORDEN,48033.0,27.0,665.0,387,164.8578811369509
TEXAS,TX,BOSQUE,48035.0,2602.0,13636.0,9576,115.22556390977444
TEXAS,TX,BOWIE,48037.0,16345.0,47693.0,36644,85.54742931994323
TEXAS,TX,BRAZORIA,48039.0,118863.0,177854.0,162046,36.40386063216617
TEXAS,TX,BRAZOS,48041.0,60767.0,103052.0,91961,45.98144865758311
TEXAS,TX,BREWSTER,48043.0,3407.0,4458.0,4578,22.95762341633901
TEXAS,TX,BRISCOE,48045.0,123.0,1135.0,745,135.83892617449663
TEXAS,TX,BROOKS,48047.0,2252.0,1750.0,2402,-20.899250624479603
TEXAS,TX,BROWN,48049.0,3642.0,25480.0,16853,129.5793033881208
TEXAS,TX,BURLESON,48051.0,2972.0,13608.0,9369,113.52332159248586
TEXAS,TX,BURNET,48053.0,11208.0,39898.0,28153,101.907434376443
TEXAS,TX,CALDWELL,48055.0,11909.0,15966.0,15693,25.852290830306508
TEXAS,TX,CALHOUN,48057.0,3223.0,10062.0,7832,87.32124616956078
TEXAS,TX,CALLAHAN,48059.0,1343.0,11057.0,6988,139.00973096737263
TEXAS,TX,CAMERON,48061.0,96351.0,105792.0,116153,8.128072456156964
TEXAS,TX,CAMP,48063.0,2098.0,7272.0,5242,98.70278519648988
TEXAS,TX,CARSON,48065.0,503.0,4754.0,3177,133.80547686496695
TEXAS,TX,CASS,48067.0,4185.0,20927.0,14143,118.37658205472673
TEXAS,TX,CASTRO,48069.0,644.0,2547.0,2023,94.06821552150272
TEXAS,TX,CHAMBERS,48071.0,7481.0,38079.0,24973,122.52432627237417
TEXAS,TX,CHEROKEE,48073.0,6606.0,29636.0,20507,112.30311600916761
TEXAS,TX,CHILDRESS,48075.0,448.0,3551.0,2272,136.57570422535213
TEXAS,TX,CLAY,48077.0,971.0,8671.0,5908,130.33175355450237
TEXAS,TX,COCHRAN,48079.0,234.0,1190.0,893,107.05487122060471
TEXAS,TX,COKE,48081.0,303.0,2787.0,1814,136.93495038588753
TEXAS,TX,COLEMAN,48083.0,790.0,6908.0,4156,147.20885466794996
TEXAS,TX,COLLIN,48085.0,412218.0,519368.0,515585,20.782218256931447
TEXAS,TX,COLLINGSWORTH,48087.0,235.0,1823.0,1201,132.22314737718568
TEXAS,TX,COLORADO,48089.0,3743.0,14012.0,9994,102.75165099059436
TEXAS,TX,COMAL,48091.0,51395.0,139421.0,103491,85.05667159463141
TEXAS,TX,COMANCHE,48093.0,1447.0,10084.0,6544,131.98349633251834
TEXAS,TX,CONCHO,48095.0,239.0,1695.0,1198,121.53589315525876
TEXAS,TX,COOKE,48097.0,5690.0,28989.0,20447,113.9482564679415
TEXAS,TX,CORYELL,48099.0,12452.0,29604.0,23926,71.68770375323915
TEXAS,TX,COTTLE,48101.0,156.0,1050.0,657,136.0730593607306
TEXAS,TX,CRANE,48103.0,293.0,2040.0,1389,125.7739380849532
TEXAS,TX,CROCKETT,48105.0,566.0,1920.0,1417,95.55398729710657
TEXAS,TX,CROSBY,48107.0,716.0,2248.0,1880,81.48936170212767
TEXAS,TX,CULBERSON,48109.0,532.0,710.0,781,22.791293213828425
TEXAS,TX,DALLAM,48111.0,240.0,2137.0,1447,131.09882515549413
TEXAS,TX,DALLAS,48113.0,915104.0,570084.0,849872,-40.59670162094998
TEXAS,TX,DAWSON,48115.0,1119.0,4941.0,3513,108.79590093936807
TEXAS,TX,DEAF SMITH,48117.0,1686.0,5698.0,4286,93.60709286047597
TEXAS,TX,DELTA,48119.0,671.0,3832.0,2658,118.92400300978179
TEXAS,TX,DENTON,48121.0,353554.0,465295.0,449188,24.876221092282076
TEXAS,TX,DEWITT,48123.0,2214.0,11517.0,7825,118.88817891373802
TEXAS,TX,DICKENS,48125.0,222.0,1411.0,993,119.73816717019135
TEXAS,TX,DIMMIT,48127.0,2964.0,2679.0,3427,-8.316311642836299
TEXAS,TX,DONLEY,48129.0,313.0,2773.0,1712,143.69158878504672
TEXAS,TX,DUVAL,48131.0,3534.0,4212.0,4461,15.198386012104908
TEXAS,TX,EASTLAND,48133.0,1615.0,13010.0,8364,136.23864179818267
TEXAS,TX,ECTOR,48135.0,17132.0,55784.0,42615,90.70045758535727
TEXAS,TX,EDWARDS,48137.0,220.0,1541.0,1005,131.44278606965173
TEXAS,TX,EL PASO,48141.0,250950.0,177576.0,251569,-29.16655072763337
TEXAS,TX,ELLIS,48139.0,61445.0,118218.0,99557,57.025623512158866
TEXAS,TX,ERATH,48143.0,5093.0,27529.0,18351,122.26036728243692
TEXAS,TX,FALLS,48145.0,2768.0,7203.0,6277,70.65477138760554
TEXAS,TX,FANNIN,48147.0,4548.0,23772.0,16395,117.25526075022871
TEXAS,TX,FAYETTE,48149.0,4252.0,18189.0,13331,104.54579551421499
TEXAS,TX,FISHER,48151.0,550.0,2581.0,1830,110.98360655737704
TEXAS,TX,FLOYD,48153.0,608.0,3051.0,2090,116.88995215311004
TEXAS,TX,FOARD,48155.0,156.0,830.0,545,123.6697247706422
TEXAS,TX,FORT BEND,48157.0,332689.0,321165.0,362524,-3.1788240226853945
TEXAS,TX,FRANKLIN,48159.0,1403.0,7854.0,5311,121.46488420259838
TEXAS,TX,FREESTONE,48161.0,2642.0,13277.0,9045,117.5787728026534
TEXAS,TX,FRIO,48163.0,3001.0,4835.0,4945,37.087967644084934
TEXAS,TX,GAINES,48165.0,915.0,10593.0,6416,150.8416458852868
TEXAS,TX,GALVESTON,48167.0,104478.0,185942.0,158996,51.23650909456842
TEXAS,TX,GARZA,48169.0,363.0,2388.0,1599,126.64165103189492
TEXAS,TX,GILLESPIE,48171.0,5844.0,23674.0,16492,108.11302449672569
TEXAS,TX,GLASSCOCK,48173.0,66.0,1088.0,663,154.1478129713424
TEXAS,TX,GOLIAD,48175.0,1363.0,5531.0,3987,104.53975420115376
TEXAS,TX,GONZALES,48177.0,3029.0,10843.0,7755,100.76079948420373
TEXAS,TX,GRAY,48179.0,1452.0,11811.0,7580,136.6622691292876
TEXAS,TX,GRAYSON,48181.0,26780.0,91946.0,65915,98.86368808313736
TEXAS,TX,GREGG,48183.0,23687.0,60601.0,46738,78.98070092858059
TEXAS,TX,GRIMES,48185.0,4694.0,19585.0,14051,105.97822219059141
TEXAS,TX,GUADALUPE,48187.0,54057.0,99871.0,85136,53.81272317233603
TEXAS,TX,HALE,48189.0,3248.0,12890.0,9285,103.84491114701132
TEXAS,TX,HALL,48191.0,249.0,1673.0,1149,123.93385552654482
TEXAS,TX,HAMILTON,48193.0,1075.0,6697.0,4465,125.91265397536392
TEXAS,TX,HANSFORD,48195.0,240.0,3211.0,1999,148.62431215607802
TEXAS,TX,HARDEMAN,48197.0,312.0,2001.0,1405,120.21352313167259
TEXAS,TX,HARDIN,48199.0,5970.0,44613.0,28157,137.24118336470505
TEXAS,TX,HARRIS,48201.0,1455904.0,1297052.0,1557484,-10.19927010486143
TEXAS,TX,HARRISON,48203.0,13208.0,41646.0,30243,94.03167675164501
TEXAS,TX,HARTLEY,48205.0,284.0,3276.0,2016,148.41269841269843
TEXAS,TX,HASKELL,48207.0,533.0,3286.0,2247,122.51891410769915
TEXAS,TX,HAYS,48209.0,120969.0,107141.0,125827,-10.98969219642843
TEXAS,TX,HEMPHILL,48211.0,340.0,2490.0,1612,133.37468982630273
TEXAS,TX,HENDERSON,48213.0,12433.0,56352.0,38540,113.95692786715101
TEXAS,TX,HIDALGO,48215.0,186511.0,192036.0,217265,2.5429774699100176
TEXAS,TX,HILL,48217.0,5082.0,23888.0,16706,112.57033401173231
TEXAS,TX,HOCKLEY,48219.0,2271.0,11603.0,7988,116.82523785678518
TEXAS,TX,HOOD,48221.0,11086.0,55268.0,36553,120.87106393456078
TEXAS,TX,HOPKINS,48223.0,5044.0,24406.0,16778,115.40112051496007
TEXAS,TX,HOUSTON,48225.0,3559.0,12310.0,9365,93.44367325146823
TEXAS,TX,HOWARD,48227.0,3083.0,14124.0,9641,114.52131521626387
TEXAS,TX,HUDSPETH,48229.0,339.0,1051.0,1038,68.59344894026975
TEXAS,TX,HUNT,48231.0,17552.0,62320.0,46733,95.79526244837695
TEXAS,TX,HUTCHINSON,48233.0,1565.0,13036.0,8244,139.1436196021349
TEXAS,TX,IRION,48235.0,173.0,1391.0,868,140.3225806451613
TEXAS,TX,JACK,48237.0,666.0,6819.0,4201,146.4651273506308
TEXAS,TX,JACKSON,48239.0,1552.0,9635.0,6329,127.71369884657923
TEXAS,TX,JASPER,48241.0,4582.0,23493.0,15841,119.38008964080551
TEXAS,TX,JEFF DAVIS,48243.0,810.0,1243.0,1169,37.040205303678356
TEXAS,TX,JEFFERSON,48245.0,70913.0,86256.0,86314,17.775795351854857
TEXAS,TX,JIM HOGG,48247.0,1450.0,1139.0,1585,-19.621451104100945
TEXAS,TX,JIM WELLS,48249.0,9672.0,12992.0,13268,25.022610792885136
TEXAS,TX,JOHNSON,48251.0,34788.0,110651.0,80721,93.98173957210639
TEXAS,TX,JONES,48253.0,1449.0,9677.0,6947,118.43961422196631
TEXAS,TX,KARNES,48255.0,1750.0,6725.0,5075,98.0295566502463
TEXAS,TX,KAUFMAN,48257.0,44035.0,79168.0,69406,50.619542978993174
TEXAS,TX,KENDALL,48259.0,11830.0,42458.0,29315,104.47893569844788
TEXAS,TX,KENEDY,48261.0,71.0,201.0,158,82.27848101265823
TEXAS,TX,KENT,48263.0,91.0,669.0,445,129.8876404494382
TEXAS,TX,KERR,48265.0,11614.0,40214.0,28170,101.52644657436988
TEXAS,TX,KIMBLE,48267.0,478.0,3768.0,2404,136.85524126455906
TEXAS,TX,KING,48269.0,12.0,229.0,135,160.74074074074073
TEXAS,TX,KINNEY,48271.0,601.0,1924.0,1419,93.23467230443974
TEXAS,TX,KLEBERG,48273.0,7724.0,9755.0,10014,20.281605751947275
TEXAS,TX,KNOX,48275.0,287.0,1724.0,1376,104.43313953488371
TEXAS,TX,LA SALLE,48283.0,1545.0,2344.0,2360,33.855932203389834
TEXAS,TX,LAMAR,48277.0,7187.0,30032.0,21285,107.32910500352362
TEXAS,TX,LAMB,48279.0,1124.0,5332.0,4151,101.37316309323054
TEXAS,TX,LAMPASAS,48281.0,4026.0,16314.0,11301,108.7337403769578
TEXAS,TX,LAVACA,48285.0,2122.0,16078.0,10491,133.02830997998285
TEXAS,TX,LEE,48287.0,2838.0,11976.0,8415,108.59180035650624
TEXAS,TX,LEON,48289.0,1719.0,13547.0,9064,130.49426301853487
TEXAS,TX,LIBERTY,48291.0,10399.0,45848.0,31323,113.17242920537625
TEXAS,TX,LIMESTONE,48293.0,3385.0,12427.0,9075,99.63636363636364
TEXAS,TX,LIPSCOMB,48295.0,180.0,1747.0,1259,124.4638602065131
TEXAS,TX,LIVE OAK,48297.0,1282.0,7373.0,5093,119.59552326722954
TEXAS,TX,LLANO,48299.0,4887.0,20478.0,13629,114.39577371780763
TEXAS,TX,LOVING,48301.0,18.0,154.0,97,140.2061855670103
TEXAS,TX,LUBBOCK,48303.0,67441.0,160282.0,125038,74.25022793070907
TEXAS,TX,LYNN,48305.0,574.0,3536.0,2567,115.38761199844177
TEXAS,TX,MADISON,48313.0,1695.0,8063.0,5489,116.01384587356532
TEXAS,TX,MARION,48315.0,1919.0,6193.0,4714,90.66610097581672
TEXAS,TX,MARTIN,48317.0,415.0,3230.0,2083,135.14162265962554
TEXAS,TX,MASON,48319.0,800.0,3856.0,2527,120.93391373169766
TEXAS,TX,MATAGORDA,48321.0,5738.0,17867.0,13312,91.11328125
TEXAS,TX,MAVERICK,48323.0,10867.0,15428.0,15745,28.96792632581772
TEXAS,TX,MCCULLOCH,48307.0,795.0,5347.0,3513,129.5758610873897
TEXAS,TX,MCLENNAN,48309.0,59389.0,112593.0,99672,53.37908339353078
TEXAS,TX,MCMULLEN,48311.0,64.0,797.0,487,150.51334702258728
TEXAS,TX,MEDINA,48325.0,12684.0,32218.0,24617,79.35166754681724
TEXAS,TX,MENARD,48327.0,296.0,1561.0,1040,121.63461538461537
TEXAS,TX,MIDLAND,48329.0,20124.0,84436.0,58808,109.35927084750374
TEXAS,TX,MILAM,48331.0,4136.0,15935.0,11098,106.31645341502973
TEXAS,TX,MILLS,48333.0,570.0,4386.0,2742,139.16849015317288
TEXAS,TX,MITCHELL,48335.0,615.0,3784.0,2513,126.1042578591325
TEXAS,TX,MONTAGUE,48337.0,2163.0,17837.0,11101,141.19448698315466
TEXAS,TX,MONTGOMERY,48339.0,147859.0,404096.0,307258,83.39473667081086
TEXAS,TX,MOORE,48341.0,1373.0,7624.0,5362,116.57963446475196
TEXAS,TX,MORRIS,48343.0,2190.0,7001.0,5434,88.53514906146485
TEXAS,TX,MOTLEY,48345.0,61.0,1058.0,650,153.3846153846154
TEXAS,TX,NACOGDOCHES,48347.0,13611.0,30623.0,25486,66.75037275366869
TEXAS,TX,NAVARRO,48349.0,7852.0,25427.0,19831,88.6238717160002
TEXAS,TX,NEWTON,48351.0,1471.0,7970.0,5749,113.04574708644981
TEXAS,TX,NOLAN,48353.0,1656.0,6637.0,5115,97.3802541544477
TEXAS,TX,NUECES,48355.0,96031.0,120183.0,121678,19.849109945922848
TEXAS,TX,OCHILTREE,48357.0,451.0,4792.0,3010,144.21926910299004
TEXAS,TX,OLDHAM,48359.0,109.0,1461.0,974,138.80903490759752
TEXAS,TX,ORANGE,48361.0,10600.0,54817.0,36338,121.68253618801255
TEXAS,TX,PALO PINTO,48363.0,3765.0,19332.0,13336,116.72915416916616
TEXAS,TX,PANOLA,48365.0,3106.0,16037.0,11439,113.04309817291723
TEXAS,TX,PARKER,48367.0,27118.0,137880.0,90840,121.93086745926904
TEXAS,TX,PARMER,48369.0,526.0,3225.0,2504,107.78753993610223
TEXAS,TX,PECOS,48371.0,2014.0,5330.0,4233,78.33687691944247
TEXAS,TX,POLK,48373.0,8980.0,35286.0,24292,108.29079532356332
TEXAS,TX,POTTER,48375.0,15302.0,40764.0,32121,79.26901404065876
TEXAS,TX,PRESIDIO,48377.0,2300.0,1166.0,1994,-56.87061183550652
TEXAS,TX,RAINS,48379.0,1559.0,10310.0,6556,133.48078096400243
TEXAS,TX,RANDALL,48381.0,23522.0,98301.0,66901,111.77560873529544
TEXAS,TX,REAGAN,48383.0,234.0,1399.0,949,122.76080084299264
TEXAS,TX,REAL,48385.0,575.0,2978.0,1958,122.72727272727273
TEXAS,TX,RED RIVER,48387.0,1889.0,8077.0,5796,106.7632850241546
TEXAS,TX,REEVES,48389.0,1913.0,3997.0,3439,60.59901134050596
TEXAS,TX,REFUGIO,48391.0,1479.0,3691.0,3075,71.9349593495935
TEXAS,TX,ROBERTS,48393.0,37.0,925.0,572,155.24475524475525
TEXAS,TX,ROBERTSON,48395.0,3312.0,11154.0,8158,96.12650159352782
TEXAS,TX,ROCKWALL,48397.0,33518.0,81236.0,62269,76.63203199023592
TEXAS,TX,RUNNELS,48399.0,723.0,5985.0,4056,129.7337278106509
TEXAS,TX,RUSK,48401.0,7411.0,30057.0,21706,104.33059983414724
TEXAS,TX,SABINE,48403.0,990.0,8811.0,5581,140.1361763124888
TEXAS,TX,SAN AUGUSTINE,48405.0,1396.0,5021.0,3747,96.74406191619963
TEXAS,TX,SAN JACINTO,48407.0,3751.0,18452.0,12789,114.95034795527405
TEXAS,TX,SAN PATRICIO,48409.0,14075.0,30533.0,25579,64.34184291801868
TEXAS,TX,SAN SABA,48411.0,468.0,4168.0,2709,136.58176448874124
TEXAS,TX,SCHLEICHER,48413.0,327.0,1639.0,1108,118.41155234657039
TEXAS,TX,SCURRY,48415.0,1260.0,8753.0,5721,130.9736060129348
TEXAS,TX,SHACKELFORD,48417.0,252.0,2736.0,1728,143.75
TEXAS,TX,SHELBY,48419.0,2877.0,13766.0,9948,109.45918777643749
TEXAS,TX,SHERMAN,48421.0,95.0,1426.0,873,152.4627720504009
TEXAS,TX,SMITH,48423.0,50030.0,136853.0,103879,83.58089700516948
TEXAS,TX,SOMERVELL,48425.0,1362.0,8238.0,5294,129.8828862863619
TEXAS,TX,STARR,48427.0,12014.0,16402.0,16421,26.72188051884782
TEXAS,TX,STEPHENS,48429.0,662.0,5978.0,3761,141.34538686519542
TEXAS,TX,STERLING,48431.0,69.0,1045.0,629,155.16693163751987
TEXAS,TX,STONEWALL,48433.0,183.0,1050.0,716,121.08938547486035
TEXAS,TX,SUTTON,48435.0,396.0,2135.0,1400,124.21428571428572
TEXAS,TX,SWISHER,48437.0,663.0,3137.0,2265,109.22737306843267
TEXAS,TX,TARRANT,48439.0,692730.0,771904.0,823312,9.616524476747577
TEXAS,TX,TAYLOR,48441.0,24419.0,74083.0,55417,89.61870906039663
TEXAS,TX,TERRELL,48443.0,167.0,562.0,405,97.53086419753086
TEXAS,TX,TERRY,48445.0,990.0,4972.0,3420,116.4327485380117
TEXAS,TX,THROCKMORTON,48447.0,113.0,1385.0,900,141.33333333333334
TEXAS,TX,TITUS,48449.0,3890.0,13943.0,10214,98.42373213236733
TEXAS,TX,TOM GREEN,48451.0,20797.0,60154.0,45460,86.57501099868016
TEXAS,TX,TRAVIS,48453.0,740017.0,306555.0,581276,-74.57077188805317
TEXAS,TX,TRINITY,48455.0,2060.0,11048.0,7374,121.88771358828316
TEXAS,TX,TYLER,48457.0,2136.0,13999.0,9578,123.8567550636876
TEXAS,TX,UPSHUR,48459.0,4915.0,29906.0,19887,125.66500729119525
TEXAS,TX,UPTON,48461.0,266.0,2074.0,1303,138.7567152724482
TEXAS,TX,UVALDE,48463.0,5689.0,11109.0,9772,55.464592713876385
TEXAS,TX,VAL VERDE,48465.0,9430.0,16238.0,14588,46.66849465313957
TEXAS,TX,VAN ZANDT,48467.0,5520.0,38968.0,27950,119.67084078711984
TEXAS,TX,VICTORIA,48469.0,17461.0,43532.0,35315,73.82415404219171
TEXAS,TX,WALKER,48471.0,13247.0,31887.0,25175,74.04170804369414
TEXAS,TX,WALLER,48473.0,17757.0,31281.0,27561,49.06933710678132
TEXAS,TX,WARD,48475.0,1007.0,5279.0,3765,113.46613545816733
TEXAS,TX,WASHINGTON,48477.0,7283.0,25628.0,18217,100.70264039084371
TEXAS,TX,WEBB,48479.0,54904.0,56103.0,65865,1.8203901920595158
TEXAS,TX,WHARTON,48481.0,7030.0,23122.0,16453,97.80587126967725
TEXAS,TX,WHEELER,48483.0,279.0,3776.0,2274,153.78188214599822
TEXAS,TX,WICHITA,48485.0,21800.0,57230.0,44530,79.5643386481024
TEXAS,TX,WILBARGER,48487.0,1479.0,6417.0,4467,110.54398925453324
TEXAS,TX,WILLACY,48489.0,4392.0,4657.0,5563,4.7636167535502425
TEXAS,TX,WILLIAMSON,48491.0,274807.0,285567.0,308469,3.488194923963186
TEXAS,TX,WILSON,48493.0,11340.0,38054.0,27275,97.94317140238313
TEXAS,TX,WINKLER,48495.0,439.0,2656.0,1933,114.69218830832901
TEXAS,TX,WISE,48497.0,10075.0,59557.0,38243,129.3883848024475
TEXAS,TX,WOOD,48499.0,6414.0,37275.0,24386,126.55212006889198
TEXAS,TX,YOAKUM,48501.0,576.0,3669.0,2393,129.25198495612202
TEXAS,TX,YOUNG,48503.0,1767.0,13392.0,8314,139.82439259081067
TEXAS,TX,ZAPATA,48505.0,3225.0,5069.0,4871,37.85670293574215
TEXAS,TX,ZAVALA,48507.0,3333.0,2342.0,3492,-28.379152348224512
UTAH,UT,BEAVER,49001.0,394.0,2781.0,3212,74.31506849315068
UTAH,UT,BOX ELDER,49003.0,5274.0,22853.0,28920,60.78492392807745
UTAH,UT,CACHE,49005.0,18718.0,39457.0,60258,34.41700687045704
UTAH,UT,CARBON,49007.0,2525.0,6719.0,9445,44.40444679724722
UTAH,UT,DAGGETT,49009.0,101.0,443.0,550,62.18181818181818
UTAH,UT,DAVIS,49011.0,59895.0,101293.0,166570,24.85321486462148
UTAH,UT,DUCHESNE,49013.0,1009.0,7815.0,8968,75.8920606601249
UTAH,UT,EMERY,49015.0,603.0,4341.0,5011,74.59588904410298
UTAH,UT,GARFIELD,49017.0,541.0,2211.0,2811,59.40946282461758
UTAH,UT,GRAND,49019.0,2828.0,2327.0,5300,-9.452830188679245
UTAH,UT,IRON,49021.0,5683.0,21571.0,27878,56.99117583757803
UTAH,UT,JUAB,49023.0,734.0,5671.0,6518,75.74409328014728
UTAH,UT,KANE,49025.0,1137.0,3277.0,4488,47.68270944741533
UTAH,UT,MILLARD,49027.0,713.0,5558.0,6387,75.85720995772664
UTAH,UT,MORGAN,49029.0,1256.0,5300.0,6760,59.8224852071006
UTAH,UT,PIUTE,49031.0,94.0,854.0,963,78.92004153686398
UTAH,UT,RICH,49033.0,214.0,1211.0,1447,68.90117484450587
UTAH,UT,SALT LAKE,49035.0,273658.0,221555.0,509637,-10.223551272768656
UTAH,UT,SAN JUAN,49037.0,2581.0,3613.0,6329,16.30589350608311
UTAH,UT,SANPETE,49039.0,1906.0,10653.0,12944,67.57571075401731
UTAH,UT,SEVIER,49041.0,1236.0,9526.0,10926,75.87406187076698
UTAH,UT,SUMMIT,49043.0,14612.0,10783.0,25876,-14.797495748956562
UTAH,UT,TOOELE,49045.0,9560.0,23484.0,34006,40.9457154619773
UTAH,UT,UINTAH,49047.0,1952.0,13599.0,15832,73.56619504800405
UTAH,UT,UTAH,49049.0,84937.0,203476.0,298143,39.759108883991914
UTAH,UT,WASATCH,49051.0,6459.0,11495.0,18354,27.43816061893865
UTAH,UT,WASHINGTON,49053.0,22327.0,73165.0,97256,52.272353376655424
UTAH,UT,WAYNE,49055.0,381.0,1238.0,1651,51.90793458509994
UTAH,UT,WEBER,49057.0,41238.0,67549.0,112054,23.480643261284737
VIRGINIA,VA,ACCOMACK,51001.0,7374.0,9659.0,17144,13.328278114792347
VIRGINIA,VA,ALBEMARLE,51003.0,44279.0,21513.0,66740,-34.11147737488762
VIRGINIA,VA,ALEXANDRIA CITY,51510.0,62326.0,16112.0,80062,-57.722764857235646
VIRGINIA,VA,ALLEGHANY,51005.0,2114.0,6093.0,8277,48.07297329950465
VIRGINIA,VA,AMELIA,51007.0,2214.0,5776.0,8032,44.34760956175299
VIRGINIA,VA,AMHERST,51009.0,5429.0,11742.0,17303,36.48500260070508
VIRGINIA,VA,APPOMATTOX,51011.0,2324.0,7243.0,9642,51.01638664177557
VIRGINIA,VA,ARLINGTON,51013.0,100446.0,25223.0,128362,-58.60223430610305
VIRGINIA,VA,AUGUSTA,51015.0,11403.0,32429.0,44223,47.54539493023992
VIRGINIA,VA,BATH,51017.0,588.0,1976.0,2582,53.756777691711854
VIRGINIA,VA,BEDFORD,51019.0,12414.0,38017.0,50830,50.36986031870943
VIRGINIA,VA,BLAND,51021.0,524.0,2998.0,3548,69.72942502818489
VIRGINIA,VA,BOTETOURT,51023.0,5915.0,15796.0,21893,45.13314758141872
VIRGINIA,VA,BRISTOL CITY,51520.0,2231.0,5197.0,7479,39.65770824976601
VIRGINIA,VA,BRUNSWICK,51025.0,4184.0,3523.0,7738,-8.542258981649004
VIRGINIA,VA,BUCHANAN,51027.0,1355.0,7939.0,9327,70.5907580143669
VIRGINIA,VA,BUCKINGHAM,51029.0,2988.0,4847.0,7915,23.48704990524321
VIRGINIA,VA,BUENA VISTA CITY,51530.0,767.0,2035.0,2853,44.44444444444444
VIRGINIA,VA,CAMPBELL,51031.0,7890.0,23032.0,31171,48.57720316961278
VIRGINIA,VA,CAROLINE,51033.0,7957.0,9511.0,17653,8.803036311108594
VIRGINIA,VA,CARROLL,51035.0,2925.0,13152.0,16160,63.285891089108915
VIRGINIA,VA,CHARLES CITY,51036.0,2384.0,1917.0,4341,-10.757889887122783
VIRGINIA,VA,CHARLOTTE,51037.0,2008.0,3963.0,6006,32.55078255078255
VIRGINIA,VA,CHARLOTTESVILLE CITY,51540.0,19435.0,3428.0,23303,-68.69072651589924
VIRGINIA,VA,CHESAPEAKE CITY,51550.0,65399.0,60550.0,127493,-3.8033460660585288
VIRGINIA,VA,CHESTERFIELD,51041.0,112869.0,94030.0,209730,-8.982501311209651
VIRGINIA,VA,CLARKE,51043.0,3993.0,5641.0,9782,16.847270496830912
VIRGINIA,VA,COLONIAL HEIGHTS CITY,51570.0,2982.0,5883.0,8941,32.44603511911419
VIRGINIA,VA,COVINGTON CITY,51580.0,818.0,1642.0,2475,33.292929292929294
VIRGINIA,VA,CRAIG,51045.0,542.0,2562.0,3121,64.72284524190964
VIRGINIA,VA,CULPEPER,51047.0,10557.0,17685.0,28553,24.96410184569047
VIRGINIA,VA,CUMBERLAND,51049.0,2117.0,3335.0,5486,22.201968647466277
VIRGINIA,VA,DANVILLE CITY,51590.0,10615.0,6894.0,17667,-21.061866757230995
VIRGINIA,VA,DICKENSON,51051.0,1316.0,5701.0,7047,62.2250603093515
VIRGINIA,VA,DINWIDDIE,51053.0,5942.0,9549.0,15589,23.138110205914426
VIRGINIA,VA,EMPORIA CITY,51595.0,1419.0,744.0,2178,-30.991735537190085
VIRGINIA,VA,ESSEX,51057.0,2775.0,3245.0,6064,7.75065963060686
VIRGINIA,VA,FAIRFAX,51059.0,386438.0,181895.0,584387,-35.0012919520797
VIRGINIA,VA,FAIRFAX CITY,51600.0,8797.0,4302.0,13445,-33.43250278914095
VIRGINIA,VA,FALLS CHURCH CITY,51610.0,7200.0,1620.0,8969,-62.214293678225
VIRGINIA,VA,FAUQUIER,51061.0,17180.0,26825.0,44537,21.65615106540629
VIRGINIA,VA,FLOYD,51063.0,2968.0,6551.0,9625,37.225974025974025
VIRGINIA,VA,FLUVANNA,51065.0,7731.0,8777.0,16678,6.271735220050366
VIRGINIA,VA,FRANKLIN,51067.0,8321.0,22319.0,30912,45.2833850931677
VIRGINIA,VA,FRANKLIN CITY,51620.0,2359.0,1476.0,3876,-22.781217750257998
VIRGINIA,VA,FREDERICK,51069.0,18331.0,33117.0,52040,28.41275941583397
VIRGINIA,VA,FREDERICKSBURG CITY,51630.0,8760.0,4480.0,13495,-31.71545016672842
VIRGINIA,VA,GALAX CITY,51640.0,753.0,1946.0,2717,43.90872285609127
VIRGINIA,VA,GILES,51071.0,2069.0,7102.0,9234,54.50508988520685
VIRGINIA,VA,GLOUCESTER,51073.0,7034.0,15918.0,23149,38.3774677091883
VIRGINIA,VA,GOOCHLAND,51075.0,7875.0,11521.0,19616,18.586867862969005
VIRGINIA,VA,GRAYSON,51077.0,1503.0,6544.0,8104,62.203849950641654
VIRGINIA,VA,GREENE,51079.0,4456.0,7432.0,12038,24.721714570526665
VIRGINIA,VA,GREENSVILLE,51081.0,2334.0,1936.0,4296,-9.264432029795158
VIRGINIA,VA,HALIFAX,51083.0,6984.0,10741.0,17844,21.054696256444743
VIRGINIA,VA,HAMPTON CITY,51650.0,43357.0,18383.0,62632,-39.87418571975987
VIRGINIA,VA,HANOVER,51085.0,26733.0,45569.0,73087,25.772025120746505
VIRGINIA,VA,HARRISONBURG CITY,51660.0,10641.0,6266.0,17245,-25.369672368802554
VIRGINIA,VA,HENRICO,51087.0,115040.0,62882.0,180642,-28.873683860896136
VIRGINIA,VA,HENRY,51089.0,8457.0,16800.0,25413,32.829654114036124
VIRGINIA,VA,HIGHLAND,51091.0,416.0,1095.0,1529,44.408109875735775
VIRGINIA,VA,HOPEWELL CITY,51670.0,5078.0,3838.0,9006,-13.768598711969798
VIRGINIA,VA,ISLE OF WIGHT,51093.0,9779.0,14659.0,24672,19.779507133592737
VIRGINIA,VA,JAMES CITY,51095.0,26742.0,23575.0,50892,-6.22298200110037
VIRGINIA,VA,KING AND QUEEN,51097.0,1536.0,2608.0,4173,25.68895279175653
VIRGINIA,VA,KING GEORGE,51099.0,5657.0,9500.0,15362,25.016273922666322
VIRGINIA,VA,KING WILLIAM,51101.0,3388.0,8080.0,11561,40.584724504800626
VIRGINIA,VA,LANCASTER,51103.0,3355.0,3866.0,7279,7.020195081741997
VIRGINIA,VA,LEE,51105.0,1391.0,8674.0,10108,72.05184012663237
VIRGINIA,VA,LEXINGTON CITY,51678.0,1795.0,1030.0,2863,-26.720223541739436
VIRGINIA,VA,LOUDOUN,51107.0,129280.0,92107.0,228208,-16.28908714856622
VIRGINIA,VA,LOUISA,51109.0,8779.0,15084.0,24067,26.1976980928242
VIRGINIA,VA,LUNENBURG,51111.0,2253.0,3594.0,5879,22.810001700969554
VIRGINIA,VA,LYNCHBURG CITY,51680.0,16664.0,19574.0,36715,7.925915838213264
VIRGINIA,VA,MADISON,51113.0,2700.0,5671.0,8439,35.20559307974879
VIRGINIA,VA,MANASSAS CITY,51683.0,9048.0,6670.0,16021,-14.843018538168653
VIRGINIA,VA,MANASSAS PARK CITY,51685.0,3506.0,2314.0,5967,-19.976537623596446
VIRGINIA,VA,MARTINSVILLE CITY,51690.0,3435.0,2155.0,5658,-22.622834924001413
VIRGINIA,VA,MATHEWS,51115.0,1774.0,4106.0,5929,39.332096474953616
VIRGINIA,VA,MECKLENBURG,51117.0,6404.0,9791.0,16266,20.82257469568425
VIRGINIA,VA,MIDDLESEX,51119.0,2473.0,4357.0,6882,27.375762859633827
VIRGINIA,VA,MONTGOMERY,51121.0,23811.0,22179.0,46767,-3.4896401308615053
VIRGINIA,VA,NELSON,51125.0,4298.0,5004.0,9388,7.520238602471239
VIRGINIA,VA,NEW KENT,51127.0,5641.0,10974.0,16744,31.850215002388914
VIRGINIA,VA,NEWPORT NEWS CITY,51700.0,48169.0,26385.0,75629,-28.80376575123299
VIRGINIA,VA,NORFOLK CITY,51710.0,59941.0,24377.0,85643,-41.525869014396974
VIRGINIA,VA,NORTHAMPTON,51131.0,3603.0,3183.0,6832,-6.147540983606557
VIRGINIA,VA,NORTHUMBERLAND,51133.0,3202.0,4938.0,8205,21.157830591102986
VIRGINIA,VA,NORTON CITY,51720.0,458.0,1174.0,1643,43.57881923311017
VIRGINIA,VA,NOTTOWAY,51135.0,2636.0,4168.0,6853,22.35517291697067
VIRGINIA,VA,ORANGE,51137.0,8274.0,13764.0,22247,24.677484604665796
VIRGINIA,VA,PAGE,51139.0,2976.0,10123.0,13211,54.09885701309515
VIRGINIA,VA,PATRICK,51141.0,1886.0,7746.0,9698,60.42482986182718
VIRGINIA,VA,PETERSBURG CITY,51730.0,11219.0,1702.0,13077,-72.77663072570162
VIRGINIA,VA,PITTSYLVANIA,51143.0,9599.0,24310.0,34100,43.14076246334311
VIRGINIA,VA,POQUOSON CITY,51735.0,2119.0,5800.0,8024,45.87487537387837
VIRGINIA,VA,PORTSMOUTH CITY,51740.0,28306.0,12370.0,41252,-38.63085426161156
VIRGINIA,VA,POWHATAN,51145.0,5734.0,14918.0,20841,44.06698335012715
VIRGINIA,VA,PRINCE EDWARD,51147.0,4539.0,4782.0,9424,2.578522920203735
VIRGINIA,VA,PRINCE GEORGE,51149.0,6842.0,10590.0,17596,21.30029552170948
VIRGINIA,VA,PRINCE WILLIAM,51153.0,131128.0,90203.0,227591,-17.981818261706305
VIRGINIA,VA,PULASKI,51155.0,4830.0,12732.0,17690,44.66930469191634
VIRGINIA,VA,RADFORD CITY,51750.0,3231.0,3197.0,6550,-0.5190839694656488
VIRGINIA,VA,RAPPAHANNOCK,51157.0,2041.0,2943.0,5038,17.903930131004365
VIRGINIA,VA,RICHMOND,51159.0,1439.0,2697.0,4161,30.233117039173273
VIRGINIA,VA,RICHMOND CITY,51760.0,88710.0,17041.0,108143,-66.27243557141932
VIRGINIA,VA,ROANOKE,51161.0,21693.0,34453.0,56789,22.469140150381236
VIRGINIA,VA,ROANOKE CITY,51770.0,25737.0,15787.0,42128,-23.618496012153436
VIRGINIA,VA,ROCKBRIDGE,51163.0,4160.0,8468.0,12752,33.78293601003764
VIRGINIA,VA,ROCKINGHAM,51165.0,15035.0,33033.0,48581,37.047405364237044
VIRGINIA,VA,RUSSELL,51167.0,2172.0,11303.0,13525,67.51201478743069
VIRGINIA,VA,SALEM CITY,51775.0,5237.0,7769.0,13148,19.257681776696074
VIRGINIA,VA,SCOTT,51169.0,1607.0,9392.0,11057,70.40788640680113
VIRGINIA,VA,SHENANDOAH,51171.0,6914.0,17215.0,24380,42.2518457752256
VIRGINIA,VA,SMYTH,51173.0,2805.0,11521.0,14420,60.44382801664355
VIRGINIA,VA,SOUTHAMPTON,51175.0,3626.0,6133.0,9831,25.500966330993798
VIRGINIA,VA,SPOTSYLVANIA,51177.0,35747.0,42531.0,79209,8.564683306189954
VIRGINIA,VA,STAFFORD,51179.0,41252.0,40590.0,83123,-0.7964101391913189
VIRGINIA,VA,STAUNTON CITY,51790.0,7592.0,5778.0,13562,-13.37560831735732
VIRGINIA,VA,SUFFOLK CITY,51800.0,30597.0,22112.0,53352,-15.903808666966562
VIRGINIA,VA,SURRY,51181.0,2176.0,2205.0,4429,0.6547753443215173
VIRGINIA,VA,SUSSEX,51183.0,2539.0,2322.0,4892,-4.435813573180703
VIRGINIA,VA,TAZEWELL,51185.0,3030.0,16711.0,19858,68.89414845402356
VIRGINIA,VA,VIRGINIA BEACH CITY,51810.0,115412.0,109375.0,227770,-2.6504807481231065
VIRGINIA,VA,WARREN,51187.0,6910.0,15400.0,22561,37.63131066885333
VIRGINIA,VA,WASHINGTON,51191.0,6772.0,22455.0,29412,53.321773425812594
VIRGINIA,VA,WAYNESBORO CITY,51820.0,5240.0,5882.0,11274,5.694518360830228
VIRGINIA,VA,WESTMORELAND,51193.0,4491.0,6003.0,10581,14.289764672526225
VIRGINIA,VA,WILLIAMSBURG CITY,51830.0,5613.0,2119.0,7851,-44.50388485543243
VIRGINIA,VA,WINCHESTER CITY,51840.0,6407.0,5252.0,11822,-9.769920487227203
VIRGINIA,VA,WISE,51195.0,3036.0,13655.0,16776,63.29876013352408
VIRGINIA,VA,WYTHE,51197.0,3075.0,12267.0,15439,59.537534814430984
VIRGINIA,VA,YORK,51199.0,18296.0,20722.0,39540,6.135558927668184
VERMONT,VT,ADDISON,50001.0,14879.0,6841.0,22832,-35.20497547302032
VERMONT,VT,BENNINGTON,50003.0,12326.0,7697.0,20926,-22.12080665201185
VERMONT,VT,CALEDONIA,50005.0,8977.0,6927.0,16812,-12.193671187247205
VERMONT,VT,CHITTENDEN,50007.0,72656.0,20937.0,98300,-52.61342828077314
VERMONT,VT,ESSEX,50009.0,1344.0,1890.0,3456,15.79861111111111
VERMONT,VT,FRANKLIN,50011.0,13280.0,12490.0,26998,-2.926142677235351
VERMONT,VT,GRAND ISLE,50013.0,2940.0,1893.0,5042,-20.76556921856406
VERMONT,VT,LAMOILLE,50015.0,9788.0,4505.0,15006,-35.20591763294682
VERMONT,VT,ORANGE,50017.0,10220.0,6683.0,17852,-19.812906116961685
VERMONT,VT,ORLEANS,50019.0,7006.0,7233.0,14894,1.5241036659057339
VERMONT,VT,RUTLAND,50021.0,17375.0,15586.0,34392,-5.201791114212607
VERMONT,VT,WASHINGTON,50023.0,24527.0,9327.0,35711,-42.563915880260986
VERMONT,VT,WINDHAM,50025.0,17904.0,6928.0,26085,-42.07782250335442
VERMONT,VT,WINDSOR,50027.0,22569.0,10458.0,34579,-35.02414760403713
WASHINGTON,WA,ADAMS,53001.0,1455.0,3767.0,5365,43.09412861136999
WASHINGTON,WA,ASOTIN,53003.0,4082.0,7004.0,11468,25.479595395884196
WASHINGTON,WA,BENTON,53005.0,37662.0,59555.0,100693,21.742325683016695
WASHINGTON,WA,CHELAN,53007.0,18397.0,22363.0,42191,9.400109027991752
WASHINGTON,WA,CLALLAM,53009.0,25440.0,21632.0,48663,-7.825247107658797
WASHINGTON,WA,CLARK,53011.0,143206.0,123998.0,276578,-6.944876309757103
WASHINGTON,WA,COLUMBIA,53013.0,661.0,1737.0,2485,43.29979879275654
WASHINGTON,WA,COWLITZ,53015.0,22825.0,34580.0,59325,19.814580699536453
WASHINGTON,WA,DOUGLAS,53017.0,7410.0,13095.0,21182,26.83882541780757
WASHINGTON,WA,FERRY,53019.0,1315.0,2667.0,4119,32.8235008497208
WASHINGTON,WA,FRANKLIN,53021.0,11884.0,19086.0,31897,22.578925917797914
WASHINGTON,WA,GARFIELD,53023.0,330.0,973.0,1352,47.55917159763314
WASHINGTON,WA,GRANT,53025.0,10806.0,24326.0,36253,37.2934653683833
WASHINGTON,WA,GRAYS HARBOR,53027.0,17161.0,19432.0,37793,6.00904929484296
WASHINGTON,WA,ISLAND,53029.0,29595.0,20967.0,52449,-16.450265972659153
WASHINGTON,WA,JEFFERSON,53031.0,17459.0,6324.0,24698,-45.08462223661835
WASHINGTON,WA,KING,53033.0,832606.0,252193.0,1130502,-51.341174097878636
WASHINGTON,WA,KITSAP,53035.0,91731.0,59080.0,156872,-20.813784486715285
WASHINGTON,WA,KITTITAS,53037.0,10810.0,14645.0,26499,14.472244235631534
WASHINGTON,WA,KLICKITAT,53039.0,5917.0,7178.0,13607,9.267288895421474
WASHINGTON,WA,LEWIS,53041.0,14433.0,29322.0,45338,32.84000176452424
WASHINGTON,WA,LINCOLN,53043.0,1678.0,5272.0,7144,50.307950727883544
WASHINGTON,WA,MASON,53045.0,17215.0,18127.0,36689,2.4857586742620406
WASHINGTON,WA,OKANOGAN,53047.0,8466.0,11555.0,20732,14.899672004630524
WASHINGTON,WA,PACIFIC,53049.0,6825.0,7010.0,14244,1.2987924740241505
WASHINGTON,WA,PEND OREILLE,53051.0,2461.0,5826.0,8545,39.379754242246925
WASHINGTON,WA,PIERCE,53053.0,235169.0,188194.0,439581,-10.686312647725902
WASHINGTON,WA,SAN JUAN,53055.0,9539.0,2890.0,13006,-51.12255881900661
WASHINGTON,WA,SKAGIT,53057.0,36956.0,30765.0,70256,-8.812058756547483
WASHINGTON,WA,SKAMANIA,53059.0,3147.0,3961.0,7355,11.067301155676411
WASHINGTON,WA,SNOHOMISH,53061.0,240099.0,161371.0,418221,-18.824497096032957
WASHINGTON,WA,SPOKANE,53063.0,131163.0,145338.0,287082,4.9376136434886195
WASHINGTON,WA,STEVENS,53065.0,7492.0,19895.0,28246,43.91064221482688
WASHINGTON,WA,THURSTON,53067.0,95663.0,62282.0,164537,-20.287837993885873
WASHINGTON,WA,WAHKIAKUM,53069.0,1204.0,1757.0,3062,18.06009144350098
WASHINGTON,WA,WALLA WALLA,53071.0,13106.0,15476.0,29568,8.015422077922079
WASHINGTON,WA,WHATCOM,53073.0,83295.0,49213.0,137868,-24.72074738155337
WASHINGTON,WA,WHITMAN,53075.0,10480.0,8699.0,20027,-8.892994457482398
WASHINGTON,WA,YAKIMA,53077.0,36706.0,49368.0,88751,14.266881499926761
WISCONSIN,WI,ADAMS,55001.0,4443.0,7763.0,12882,25.772395590746775
WISCONSIN,WI,ASHLAND,55003.0,4612.0,4191.0,8955,-4.701284198771636
WISCONSIN,WI,BARRON,55005.0,8941.0,16726.0,26809,29.038755641762094
WISCONSIN,WI,BAYFIELD,55007.0,6107.0,4860.0,11240,-11.094306049822064
WISCONSIN,WI,BROWN,55009.0,67937.0,79132.0,149333,7.496668519349374
WISCONSIN,WI,BUFFALO,55011.0,2765.0,5213.0,8100,30.22222222222222
WISCONSIN,WI,BURNETT,55013.0,3665.0,7008.0,10810,30.925069380203514
WISCONSIN,WI,CALUMET,55015.0,12927.0,19488.0,32916,19.932555596062702
WISCONSIN,WI,CHIPPEWA,55017.0,14573.0,23399.0,38471,22.941956278755427
WISCONSIN,WI,CLARK,55019.0,4509.0,10481.0,15340,38.93089960886571
WISCONSIN,WI,COLUMBIA,55021.0,16388.0,17988.0,34914,4.582688892707797
WISCONSIN,WI,CRAWFORD,55023.0,3860.0,5113.0,9105,13.761669412410763
WISCONSIN,WI,DANE,55025.0,273995.0,85454.0,365929,-51.52392950545052
WISCONSIN,WI,DODGE,55027.0,16518.0,33067.0,50300,32.90059642147117
WISCONSIN,WI,DOOR,55029.0,10565.0,10099.0,20944,-2.22498090145149
WISCONSIN,WI,DOUGLAS,55031.0,13073.0,11732.0,25234,-5.3142585400649915
WISCONSIN,WI,DUNN,55033.0,10643.0,14726.0,25678,15.900771088090973
WISCONSIN,WI,EAU CLAIRE,55035.0,34400.0,27728.0,63177,-10.560805356379694
WISCONSIN,WI,FLORENCE,55037.0,783.0,2356.0,3158,49.81000633312223
WISCONSIN,WI,FOND DU LAC,55039.0,20495.0,37272.0,58527,28.665402292958802
WISCONSIN,WI,FOREST,55041.0,1681.0,3382.0,5097,33.37257210123602
WISCONSIN,WI,GRANT,55043.0,10966.0,15922.0,27306,18.14985717424742
WISCONSIN,WI,GREEN,55045.0,10903.0,10843.0,22076,-0.27178836745787277
WISCONSIN,WI,GREEN LAKE,55047.0,3449.0,7458.0,11052,36.27397756062251
WISCONSIN,WI,IOWA,55049.0,7750.0,6631.0,14677,-7.624173877495401
WISCONSIN,WI,IRON,55051.0,1487.0,2557.0,4084,26.199804113614107
WISCONSIN,WI,JACKSON,55053.0,4157.0,6204.0,10502,19.491525423728813
WISCONSIN,WI,JEFFERSON,55055.0,20574.0,28771.0,50146,16.346268894827105
WISCONSIN,WI,JUNEAU,55057.0,4854.0,9525.0,14553,32.09647495361781
WISCONSIN,WI,KENOSHA,55059.0,41826.0,47478.0,90680,6.232906925452139
WISCONSIN,WI,KEWAUNEE,55061.0,4059.0,8267.0,12484,33.707145145786605
WISCONSIN,WI,LA CROSSE,55063.0,39008.0,32247.0,72261,-9.356360969264195
WISCONSIN,WI,LAFAYETTE,55065.0,3469.0,5256.0,8832,20.233242753623188
WISCONSIN,WI,LANGLADE,55067.0,3746.0,7782.0,11664,34.60219478737997
WISCONSIN,WI,LINCOLN,55069.0,6306.0,10633.0,17209,25.14382009413679
WISCONSIN,WI,MANITOWOC,55071.0,17399.0,28200.0,46316,23.320234908023146
WISCONSIN,WI,MARATHON,55073.0,31529.0,46213.0,78826,18.628371349554715
WISCONSIN,WI,MARINETTE,55075.0,7415.0,16670.0,24415,37.90702437026418
WISCONSIN,WI,MARQUETTE,55077.0,3252.0,6041.0,9427,29.585233902620132
WISCONSIN,WI,MENOMINEE,55078.0,1266.0,296.0,1572,-61.704834605597966
WISCONSIN,WI,MILWAUKEE,55079.0,316292.0,138022.0,464107,-38.41140081920764
WISCONSIN,WI,MONROE,55081.0,8476.0,14563.0,23369,26.047327656296805
WISCONSIN,WI,OCONTO,55083.0,6967.0,17675.0,24912,42.98330122029544
WISCONSIN,WI,ONEIDA,55085.0,10080.0,14455.0,24895,17.573810002008436
WISCONSIN,WI,OUTAGAMIE,55087.0,49438.0,60827.0,111932,10.174927634635313
WISCONSIN,WI,OZAUKEE,55089.0,27874.0,34504.0,63472,10.44555079405092
WISCONSIN,WI,PEPIN,55091.0,1523.0,2798.0,4354,29.28341754708314
WISCONSIN,WI,PIERCE,55093.0,10171.0,14417.0,25392,16.721802142407057
WISCONSIN,WI,POLK,55095.0,9567.0,18296.0,28222,30.92977110055985
WISCONSIN,WI,PORTAGE,55097.0,21503.0,20987.0,43258,-1.1928429423459244
WISCONSIN,WI,PRICE,55099.0,3005.0,5763.0,8856,31.142728093947607
WISCONSIN,WI,RACINE,55101.0,49721.0,56347.0,107686,6.153074680088405
WISCONSIN,WI,RICHLAND,55103.0,3985.0,5207.0,9323,13.107368872680466
WISCONSIN,WI,ROCK,55105.0,46642.0,40218.0,88310,-7.274374363039293
WISCONSIN,WI,RUSK,55107.0,2516.0,5660.0,8270,38.016928657799276
WISCONSIN,WI,SAUK,55111.0,18172.0,18798.0,37584,1.6656023839931886
WISCONSIN,WI,SAWYER,55113.0,4599.0,6422.0,11140,16.364452423698385
WISCONSIN,WI,SHAWANO,55115.0,7336.0,15850.0,23500,36.229787234042554
WISCONSIN,WI,SHEBOYGAN,55117.0,27735.0,38763.0,67562,16.32278499748379
WISCONSIN,WI,ST. CROIX,55109.0,23870.0,35537.0,60642,19.23914118927476
WISCONSIN,WI,TAYLOR,55119.0,2823.0,8209.0,11186,48.14947255497944
WISCONSIN,WI,TREMPEALEAU,55121.0,6219.0,9661.0,16079,21.40680390571553
WISCONSIN,WI,VERNON,55123.0,7514.0,8807.0,16609,7.784935878138359
WISCONSIN,WI,VILAS,55125.0,6119.0,9837.0,16135,23.043074062596837
WISCONSIN,WI,WALWORTH,55127.0,23161.0,36603.0,60597,22.18261630113702
WISCONSIN,WI,WASHBURN,55129.0,3867.0,6962.0,10978,28.192749134632898
WISCONSIN,WI,WASHINGTON,55131.0,28504.0,61604.0,91407,36.21166869058168
WISCONSIN,WI,WAUKESHA,55133.0,108478.0,162768.0,275787,19.68548191176524
WISCONSIN,WI,WAUPACA,55135.0,9947.0,20093.0,30403,33.371706739466504
WISCONSIN,WI,WAUSHARA,55137.0,4571.0,9625.0,14363,35.18763489521688
WISCONSIN,WI,WINNEBAGO,55139.0,44660.0,49179.0,95371,4.738337649809691
WISCONSIN,WI,WOOD,55141.0,16599.0,24997.0,42216,19.892931589918515
WEST VIRGINIA,WV,BARBOUR,54001.0,1199.0,5071.0,6395,60.54730258014074
WEST VIRGINIA,WV,BERKELEY,54003.0,17500.0,37580.0,56102,35.79195037610067
WEST VIRGINIA,WV,BOONE,54005.0,1641.0,6314.0,8142,57.39376074674527
WEST VIRGINIA,WV,BRAXTON,54007.0,1233.0,3991.0,5313,51.91040843214756
WEST VIRGINIA,WV,BROOKE,54009.0,2621.0,6986.0,9782,44.62277652831732
WEST VIRGINIA,WV,CABELL,54011.0,13474.0,21229.0,35429,21.888848118772756
WEST VIRGINIA,WV,CALHOUN,54013.0,488.0,2391.0,2936,64.81607629427792
WEST VIRGINIA,WV,CLAY,54015.0,580.0,2597.0,3240,62.25308641975309
WEST VIRGINIA,WV,DODDRIDGE,54017.0,374.0,2541.0,2956,73.3085250338295
WEST VIRGINIA,WV,FAYETTE,54019.0,4387.0,10910.0,15620,41.76056338028169
WEST VIRGINIA,WV,GILMER,54021.0,486.0,1822.0,2344,56.996587030716725
WEST VIRGINIA,WV,GRANT,54023.0,552.0,4949.0,5568,78.9691091954023
WEST VIRGINIA,WV,GREENBRIER,54025.0,4196.0,10517.0,14996,42.15124033075487
WEST VIRGINIA,WV,HAMPSHIRE,54027.0,1890.0,8464.0,10500,62.609523809523814
WEST VIRGINIA,WV,HANCOCK,54029.0,3360.0,9462.0,13030,46.83039140445126
WEST VIRGINIA,WV,HARDY,54031.0,1297.0,4997.0,6411,57.71330525659023
WEST VIRGINIA,WV,HARRISON,54033.0,8402.0,20480.0,29495,40.94931344295643
WEST VIRGINIA,WV,JACKSON,54035.0,2699.0,9907.0,12822,56.21587895804087
WEST VIRGINIA,WV,JEFFERSON,54037.0,11967.0,16573.0,29156,15.797777472904375
WEST VIRGINIA,WV,KANAWHA,54039.0,30231.0,43352.0,75239,17.43909408684326
WEST VIRGINIA,WV,LEWIS,54041.0,1372.0,5550.0,7048,59.27922814982974
WEST VIRGINIA,WV,LINCOLN,54043.0,1279.0,5770.0,7187,62.48782524001669
WEST VIRGINIA,WV,LOGAN,54045.0,1848.0,9500.0,11469,66.71898160258087
WEST VIRGINIA,WV,MARION,54049.0,8185.0,15881.0,24634,31.24137371113096
WEST VIRGINIA,WV,MARSHALL,54051.0,3186.0,9808.0,13233,50.041562759767245
WEST VIRGINIA,WV,MASON,54053.0,2111.0,8232.0,10547,58.03546032047028
WEST VIRGINIA,WV,MCDOWELL,54047.0,1036.0,4310.0,5425,60.35023041474654
WEST VIRGINIA,WV,MERCER,54055.0,4851.0,18372.0,23584,57.33124151967436
WEST VIRGINIA,WV,MINERAL,54057.0,2483.0,10247.0,12904,60.167389956602605
WEST VIRGINIA,WV,MINGO,54059.0,1061.0,7325.0,8490,73.78091872791519
WEST VIRGINIA,WV,MONONGALIA,54061.0,19265.0,21084.0,41452,4.388208047862588
WEST VIRGINIA,WV,MONROE,54063.0,1155.0,5089.0,6367,61.787340976912205
WEST VIRGINIA,WV,MORGAN,54065.0,1947.0,7009.0,9097,55.64471803891393
WEST VIRGINIA,WV,NICHOLAS,54067.0,1919.0,7960.0,10037,60.18730696423235
WEST VIRGINIA,WV,OHIO,54069.0,6727.0,11593.0,18689,26.036706083792605
WEST VIRGINIA,WV,PENDLETON,54071.0,680.0,2687.0,3425,58.5985401459854
WEST VIRGINIA,WV,PLEASANTS,54073.0,656.0,2632.0,3348,59.02031063321386
WEST VIRGINIA,WV,POCAHONTAS,54075.0,927.0,2889.0,3901,50.294796206101
WEST VIRGINIA,WV,PRESTON,54077.0,2953.0,11176.0,14426,57.00124774712325
WEST VIRGINIA,WV,PUTNAM,54079.0,7124.0,19868.0,27507,46.33002508452394
WEST VIRGINIA,WV,RALEIGH,54081.0,6816.0,23644.0,30966,54.34347348705031
WEST VIRGINIA,WV,RANDOLPH,54083.0,3008.0,8356.0,11594,46.127307227876486
WEST VIRGINIA,WV,RITCHIE,54085.0,517.0,3473.0,4050,72.98765432098764
WEST VIRGINIA,WV,ROANE,54087.0,1218.0,4189.0,5521,53.81271508784641
WEST VIRGINIA,WV,SUMMERS,54089.0,1226.0,3931.0,5264,51.38677811550152
WEST VIRGINIA,WV,TAYLOR,54091.0,1694.0,5422.0,7265,51.31452167928424
WEST VIRGINIA,WV,TUCKER,54093.0,890.0,2669.0,3636,48.92739273927393
WEST VIRGINIA,WV,TYLER,54095.0,554.0,2991.0,3617,67.37627868399227
WEST VIRGINIA,WV,UPSHUR,54097.0,2033.0,7633.0,9859,56.80089258545491
WEST VIRGINIA,WV,WAYNE,54099.0,3532.0,11934.0,15747,53.35619483076142
WEST VIRGINIA,WV,WEBSTER,54101.0,479.0,2478.0,2998,66.67778519012674
WEST VIRGINIA,WV,WETZEL,54103.0,1294.0,4718.0,6168,55.512321660181584
WEST VIRGINIA,WV,WIRT,54105.0,409.0,2120.0,2581,66.29213483146067
WEST VIRGINIA,WV,WOOD,54107.0,10317.0,26380.0,37313,43.04933937233672
WEST VIRGINIA,WV,WYOMING,54109.0,980.0,6503.0,7565,73.00727032385988
WYOMING,WY,ALBANY,56001.0,8371.0,8930.0,17877,3.1269228617777034
WYOMING,WY,BIG HORN,56003.0,742.0,4867.0,5735,71.92676547515258
WYOMING,WY,CAMPBELL,56005.0,2004.0,16006.0,18342,76.33845818340421
WYOMING,WY,CARBON,56007.0,1274.0,4952.0,6387,57.58572099577266
WYOMING,WY,CONVERSE,56009.0,845.0,5756.0,6739,72.87431369639413
WYOMING,WY,CROOK,56011.0,443.0,3805.0,4344,77.39410681399632
WYOMING,WY,FREMONT,56013.0,5179.0,11552.0,17256,36.932081594807606
WYOMING,WY,GOSHEN,56015.0,1156.0,4893.0,6174,60.52802073210236
WYOMING,WY,HOT SPRINGS,56017.0,488.0,2082.0,2620,60.839694656488554
WYOMING,WY,JOHNSON,56019.0,847.0,3936.0,4898,63.06655777868517
WYOMING,WY,LARAMIE,56021.0,14153.0,28063.0,43362,32.07877865412112
WYOMING,WY,LINCOLN,56023.0,1623.0,8957.0,10840,67.65682656826569
WYOMING,WY,NATRONA,56025.0,8337.0,24671.0,33921,48.15306152530881
WYOMING,WY,NIOBRARA,56027.0,112.0,1108.0,1234,80.71312803889789
WYOMING,WY,PARK,56029.0,3259.0,13084.0,16743,58.68123992116108
WYOMING,WY,PLATTE,56031.0,780.0,3874.0,4765,64.9317943336831
WYOMING,WY,SHERIDAN,56033.0,3920.0,12041.0,16425,49.44292237442922
WYOMING,WY,SUBLETTE,56035.0,920.0,3905.0,4924,60.62144597887896
WYOMING,WY,SWEETWATER,56037.0,3731.0,12541.0,16698,52.76080967780572
WYOMING,WY,TETON,56039.0,8748.0,4134.0,13286,-34.728285413216916
WYOMING,WY,UINTA,56041.0,1561.0,7282.0,9089,62.94421828584002
WYOMING,WY,WASHAKIE,56043.0,656.0,3125.0,3877,63.68326025277277
WYOMING,WY,WESTON,56045.0,378.0,3069.0,3512,76.62300683371298
